# Resource object code (Python 3)
# Created by: object code
# Created by: The Resource Compiler for Qt version 6.11.0
# WARNING! All changes made in this file will be lost!

from PySide6 import QtCore

qt_resource_data = b"\
\x00\x00;R\
\x89\
PNG\x0d\x0a\x1a\x0a\x00\x00\x00\x0dIHDR\x00\
\x00\x02X\x00\x00\x02X\x08\x03\x00\x00\x00\x89\xb8h\xee\
\x00\x00\x01\xcePLTE\xff\xff\xff\xb0\xd5\xa1]\xaa\
D\xae\xd5\x9f\x5c\xaaDk\xb1U\xae\xd4\x9f\xaf\xd5\xa0\
^\xabF]\xaaE\xaf\xd5\xa1_\xabGb\xadJa\
\xacI\xad\xd4\x9e\x82\xbdn\xfe\xff\xfe\xac\xd3\x9dd\xae\
M]\xabE\xab\xd3\x9c[\xa9C`\xacHh\xb0Q\
j\xb1S\xaa\xd2\x9bp\xb4Zr\xb5\x5cf\xafOl\
\xb2V\x85\xbfre\xaeN\x91\xc5\x7f\xa4\xcf\x94c\xad\
K\xa8\xd1\x98\x8e\xc4|o\xb4Yi\xb0Rg\xafP\
\xa7\xd1\x97\x5c\xaaCv\xb7a\x8b\xc2y\xfc\xfd\xfc\xa1\
\xcd\x90{\xbag\x9e\xcc\x8du\xb7`n\xb3Xt\xb6\
^\x9a\xca\x89\x8f\xc4}`\xacIz\xb9e\xa9\xd2\x99\
\xa6\xd0\x96\x9c\xcb\x8b\x97\xc8\x86\x99\xc9\x88\xf3\xf9\xf2\x96\
\xc8\x85\x89\xc1vx\xb8c\x81\xbdm\x7f\xbckm\xb3\
W\x83\xbep\x92\xc6\x80\xf9\xfb\xf8\x88\xc1u\x8d\xc3z\
}\xbbi\xf8\xfb\xf7\x9d\xcb\x8d\x8a\xc2w\xa2\xce\x91^\
\xaaF\xfe\xfe\xfd\xfa\xfc\xfa\xaa\xd2\x9a\x87\xc0t\x9b\xca\
\x8a~\xbbj\x94\xc7\x82\x9f\xcd\x90\x9f\xcc\x8e\x93\xc6\x81\
\x95\xc7\x84\x80\xbcl\xf2\xf8\xf0w\xb8b|\xbah\xa9\
\xd2\x9a\xf5\xf9\xf3\x98\xc9\x87\xd0\xe7\xc9\xa5\xcf\x95\xe4\xf1\
\xe0\xed\xf5\xea\xa2\xce\x92\xfb\xfd\xfa\x86\xbfr\xe9\xf3\xe5\
y\xb9d\xaf\xd5\x9f\xa5\xd0\x98\xa5\xd0\x95\xb6\xd9\xab\xdf\
\xee\xda^\xabG\xb1\xd6\xa5\xad\xd4\xa1\xeb\xf4\xe8\xd5\xe9\
\xcf\xf6\xfa\xf5\xef\xf6\xec\xba\xdb\xb0\xed\xf6\xeb\xa3\xcf\x93\
\xab\xd3\x9e\xe5\xf1\xe1\xa1\xce\x93\xf9\xfc\xf9\xe1\xf0\xdd\xe7\
\xf2\xe3\xf0\xf7\xee\xc6\xe1\xbe\xc0\xde\xb6\xb8\xda\xad\xda\xec\
\xd4k\xb2U\xad\xd3\x9d\xb5\xd8\xaa\xc2\xdf\xb9s\xb5]\
\xbc\xdc\xb2\xc4\xe0\xbb\x97\xc8\x85\xce\xe5\xc6\xcb\xe4\xc3\xb2\
\xd7\xa6\xd8\xeb\xd2\xaf\xd4\xa0\xa7\xd1\x9a\xdd\xed\xd8\xc8\xe3\
\xc0\xaf\xd5\xa3y\xb8d\xbf\xdd\xb5\xa9\xec\xff\xd2\xe8\xcc\
\xa9\xd2\x9d\xdc\xec\xd6H\xfa\xba\xe4\x00\x009?ID\
ATx\xda\xec\xc1\x81\x00\x00\x00\x00\x80\xa0\xfd\xa9\x17\
\xa9\x02\x00\x00\x00\x00\x00\x00\x00\x00\x00\x00\x00\x00\x00\x00\
\x00\x00\x80\xd99\xab\xe6Hr \x08\x87\xc6\xb5]\xca\
!\xc7\x80\x99\xd9\x8bf^fff\xa6\xf9\x01~?\
f\xfe\xc1\xf7tT\xab\x03\x956&t\xad\xfd^\xcd\
\xee\xec\xaaT\xaa$\x1b7\xb4Ze\xc1X\x0f\xec\xbb\
\xa0>Wd?\xccV\x05V\x0f\x0ds\x8c\x98\x03\xdd\
\xb0j\x80\x93\xfc;y\x16\x16\x86fYP[$\xd7\
'\x96F\x0d{ $\xaa\x80\xaeeQ\x0ak\xd4\x86\
\x08\xab\xfb\x80ICX\x95-\xc3\x82\x97\x80\xeb9\x1f\
\xfe\x9e=\xa9\xed\x22\xab\x87\xeeU9B\x8a'\xd1\xb0\
j\xd03\x96H\xc5\xc2K\x16\x98G\x15\xa7\xb0\xfa/\
\xb3\x07B\xa2\x0a\xa8\xbf\x8fc\xe4N\xd0\xdb2_K\
CX\x96>\xefcA\xab\xd7m\xb2n\xb4\xd9\x8e\xec\
X\xe7\x08\xa9\xbe&\xab\xa6\x81\x97\x9c\x88\xb0P\x9fc\
Au\xd5i\xb2\xecr{M\x16\x06\x9fs\x844\x07\
(\xc4b}eR\x11\xd6\x85\xddEYhN9\xed\
)\x9d\xce\xd8\x93\xda|\xc8C(o\x18\x8e\x8f\x89\xa1\
B\x98\xc5JDX\x96\xee\xd5\xa4=\xbdYw\x09\xab\
pt\x82}\xb9\x12`tQ\xba\x1d\xa3\xb0\xb6g\x10\
d\xb1\x92\x11\x16\x06\xcf\xb3\xa0\xcfY\xedQ\xbej\xd8\
\x0f\xb3\x19`\xb2`OE(\xac\xe2\xd9q\x84[\xac\
$\x84\xe5x~\xc3h\xb8\xb3=_\xc6\xa6a\xd5\x14\
\x86\xf3\x96\x8fbe\xd3$#,K\x87d/4K\
\x15\xb8\xeb8{R\xbbGV\x8d4uQ`\x96m\
\x80\xb0\xa6\xc78\x1daa\xe6<\x0b&\x16\x0a\xee\xa6\
\xd9V\x93%\x85\x1c\x07W\x80p?\x9b\x86\xb0\xec)\
\xb9.\xcc\x0e\xbb\x03\x07\x8f]\x1d\x11\xb6j\xa0\x85\x07\
\x1c\x1d\xd95\x0a\xdf(LCX\x96v\xd5\xa4\x1e\xbe\
Zq\xf6\xc2}U\xf6\xa4\xd5\x1b\xd28\x9ept\xd4\
vQ\xf8\xfeY\x22\xc2\xc2\xc8M\x16\xcc:\xc3\x1a\xf4\
\xb6\xd8\x93\xea!\x0a\xc8nort<\x98\x0a\xf8\x83\
z\xd79)a\xe1 \x0b\xb2;\xe4\xcc\x8d\xbd\x93\xa5\
\xe29@\xbf\x86zd86Z\x01\xeb\x5cz]M\
JX\x96\x06.\xff\xc7^x'c?\xcc\xd52\xac\
\x02\xe1\xe9\x22@\x84\xc7\x0a\x80\xdd\xc5\xb4\x84\x85\xf2\x92\
\xe9\x10\xbd\xf0h\xc1=\xbd\xc5\x9e\xcc\x0e\x05<\x88+\
E\x8e\x0c\xf3h\x05V\x87L\x98\x13\x10\x96-t\xca\
J\xf4}\xa7SX\x95M\xf3\x86\xbd\xc8\xee\x93\xd5B\
G\xb2<\x8d\xf9\x15\xc4k\x99\x80\xb00$&T:\
\xccV\xd9=\xed\xe7\xdd\x0bOY\x84/Wc\x1a\xf3\
\xb3Z\xe8~\x96\x9c\xb0J\xc7\xa5\x9bY\xeb'\xe7F\
\xb4o/,\xce\xe9M\x09M=\xc8Q\x8c\x05;i\
R\x13\x96\xa5_j\xee\x84\xd9\xd1\x0b\xdb\xb7>G\xcf\
\x93\x1c\xc5X\xa8\xdf,&',\x8c\xdctT\x1au\
/\x94\xc9\x85\x12\x8c\xcf\x159.\xd6\x16H?j}\
\x99\xd3\x13\x16\xae\xb8\xdfM\xb7\x01\xf5\xa0\xc3\x1c/!\
t\xde2\x02\xc2gb\xe90\xa7',[X\x90S\
|f\xd2\xc2\x15Z\x1e0\xec\xc7\xf9A\x84\xbb\x92H\
(\xce\x8dC\xedc\xaf\x9b\x04\x85\x85\xeew\xfe\xec\xed\
i\xbc\x97\xd3~\xcdE}/\x1c\xce\xcf4\x16f\x9e\
\xa7X\xb1,\xbd\xae\xfd\xa7\x05\x10z\xbd\x0d\xf5K\xf5\
\xe8\x0c\xed\xcb\x22\x13\xd6)@?\x04\x94\xa4\xb002\
W\xec\xe0?\xf1\xc6lV\xe0\xaa\xe8\xb7L\xdb\xc2j\
\xfa\xbc\xc9qq\x8c\x02\x5cl\x9a\xc2\xc20\xbb\xa3,\
\xf7m\x0f\x1e\xac\xabGg\xf0\xf1,GE\xb6J\x01\
#3\xe9\x08K\xa6\xef\x82\x83\x80\xdb+\xf8Q\xd5?\
\x8d\x91\xf3\x1c\x15}\x03\xa4~G\xd6\xd3\xacX\xae[\
?\xf6\xce\xc0=p\xda\xae]\x1dT\x96\x0c\xc7\x84\xbe\
\xf8\xd2\xfd,QaYZ\xec\x93\xa5\xe6>9]h\
S\xb1\xab\x93\x8f\xc1\x99\x1bu\xe8\x93\x93T\x85\x85\xb2\
t\x01\xe6\x80\xd3\xbe\xd7\xcf\x16\xd9\x8b\x07\xfd\xa4v\xbc\
9\x18\x9a\x11\xd3\xb0\xc9\x09\xcb\xd2\xe9\xea\x7f\xb1\xef\xc0\
K\xf6\xe40\xe5\xe3\x04\x98\xfe\xec\x17\xf5_NWX\
\x18\xbc\xc1b\xda\xea\xdc\x05\xb8Sz\x1f\xde\x98\xeb%\
h\xdbs\x8dcb\xb8\xd0P\x1e\x81>\xc6\xe9\x0a\xcb\
Q\x8a\x9e\xf7\xbc\x97m\x9d\xed\x1e\xe8g\xe3\x22\x22\xdb\
G\xda\x8d\x8d\x03&]aY|\xdc\x92\xff\xc9#\x85\
\x80\x06\x15~ \x1a#{s\x906\x88\x93l\x09\x0a\
\xcb\x9e\x92\xa3\x09Ke\xb8\xe6\xa4\xb6\x15gu\xd4\xb1\
b\x0e\xd2\x06\xfa\xa5\x9a\xb2\xb0,\xf5\xaf\xc9\x1d\xe4y\
\x0a\x8f\xb2\xd8l\x8cC)\xf5e\x93\x83#:\xb8p\
\xca$+,\xf7\x8c\x83\x19-\xc1\x1dyy1\xb1@\
J\xd3\xfb2\x07\xb3\x0d\xe2.\xf3\x04\x85eiW\x93\
\xdd\xe7\xc0\xe4A\xa6\xa2\xef\x18i\x0e\xe6\x1b\xcc)@\
\x1d6\xa4-,\x94\xb7\xe4\x09\xc3\x93\x80\x95\x00\x9d\x19\
\xfb\xa0\x0e\x1ch\xa0\x8f\xe3\xa1\x93\xac\x8a\xc21N\x5c\
X\x96\xeeK\x97y\xde\x998\xech\xe9\x03\x07\xddu\
\x07\x11P=D\xea\xb0!Ia\xc9\xb1,\xd1\xc5\x5c\
\xbd\xb0\xb4\x5cd\x1fj\x87\xe8\xff\x7f\x9e\xe2\x81\xd2)\
\xa2\xb7\x95|\xc5j@\x1c\xc3\xe9(^\x1d\x87\xdb\x8c\
\xf9P\xdc\xad\xb1'\x91\xddp\xab\xbd\xd7\x96V\xab\xc9\
\x0b\xcbbf/w\xfc{\xb1\xc1\xf8F\xb1\x1dw\xc2\
\x02\xbb\xa3\x11\x96\xee\x82\x13q\xcbk\xba\xc2\xc2\xb0\xf0\
\xe5\xe6v\x05\x8e\xca\xd6\x99\xb5e\xc2\x81\xeep$\xbc\
\xd1\xde\xdb\x80\x91\x1b\xfcAX\x16\xbd\xdbb+\xfa\xb2\
k#\xe3W\xf6\xce\xc3\xad\x8dk[\xfb\xa3\x99\xcd\xde\
\xfb\x95\x84x$a\x8a\xe9\x1dC\x0c6.\x14\x1f\x9a\
\xe1\x02\xae1\xd8\xb8\xc2\xe58!\x8e9\x9cp\x9a\x13\
\xa7W\xdf8\xa7\xa6|9O\xbe\xff\xf6+\xd6\x09\x9a\
\xe5Q\xd93\xd2\xd6h\x0b\xd6So\xe7\xe2\x1fk\xaf\
Y\xeb]\xefB\xddc\xbfjq\xe3\xfd\x1b\xd6K\xf9\
\xb2=\x06\xcb\xe3\xba\x1d=\x9f\xa3W\x80\x03\xd5\xf2\x9d\
:n\xf9\x1fC\xf7\x99:\x82&\xb3\xfdc\xb0$\xbe\
y\xac\xd0$%\xddw\x0ds62\x866u\x04M\
\xe6\x9d\xc7`\xc9Q!\x8a\xcb\xb2\x10\xf7\xa7GO\x04\
\xfc{\xa7~\x91F\xb9D\x12\xe9\xcf1X\xd2\xbe<\
%h\xf4\xe4\xca6l\x91kS_\xd2\xf9\xed\x9e\xd0\
\x1f\xfa>l\xd9m~\x0c\x96K=C\xa2\x13\xc8!\
\x9e\xf1\xb7\x07v:\x98\x87\x03k\xa8\x96n\xc3\xbd\x00\
c)\x97\xf7\xd81X\xd2\x1e\xa0\xc9\xdb\xc9\xb9\x08\x86\
\x1b\xa3\xfa=\x1c\xaa\xe8\x82ot\x05~\xc1\xa2\xe2\xb5\
c\xb0\x10[\xf5\xa8\x13\x90\xce\xad\xde\xf2\x11s@\xa0\
\x87\xb9J>\x0b\xf9Z\xb0?\x8c\xf9\xe41X$e\
\x91\x18\xefB\x8e\xba\xfa~\xc4\xd1\xac\xf6#\x17|\xc2\
\x0d\x1f\xa7Ui^\x8fh\x01\x8b\xc1\xc8\x94u^a\
w\x958\xd4(\xc4\xe4\x00\x0b\xf8Yh\xf0G!5\
\x88,#X\x0b1\x13\xc9b'\xfb\xf2\x8f\xa2\x890\
\xd2\xf1\xd3|\xb7\x03\xf5\x17\xab\xe3\x1ef\xe4j/\x02\
\xb6\xdd\xb5\x80\xf5\xc1\xefR\xac\x16RV2\x87\xb3\x07\
\xb0\xc4}5\xdf\x9b`\xeeg\xa1\xba\xe5\xa5\xf2v\xaf\
UR\xbc\xf9\xef\xcb,m\xfe\x87a4\x97\xf1;Z\
z|5\xdf\xeb`\xec\xb40\xd0\xe9\xc5\x22\xb6&V\
iq\xf3\xb7\x8fN\xc1\xf0\x0fC\xa2\x9e!\x1d/\xfd\
\xdfU\xe8\x186qR\xa8\xb05n\x95\x1a?.1\
\x18\xffa\x18\xfd[=\x14:\x0e\x1a^\x93\xd4\xa6\xa8\
\x82\xb8\x15H\xf7\xc3\x16\xb8F\xb0\xac\xcf\xfaa\x1aY\
8X\x154\x1aGX\xce\x8e\x03\xd7\xac|\xa7\x8aq\
\xad\xa1\xe1g\xbf\x1f\xd1\x09\x96\xf5\xc1\xa5\x18\x0c\x9f\x18\
:9\x04\x7f\xe4\xa4\x85B\xbc\x08\xa2|\x07\xae\x85\x0f\
\x16=\xc0\xeeK\xed\xae\x15,\xeb7\x1f\xd7\xc38\x91\
\x83\xc2V4R\xd3QG\xb3\xb7\x1f\xbb\xcdMu0\
b[\x5c3X\xd6\x95\x0f{m\xc3\xc8\xea\xd8\x174\
e\xdd\xb9\x80\x9c\xcb\x17\xea\xb1\xd9\x85 \xad\xa0FC\
\xfd\x92q\xd0\x1dq4\x83e}\xf2?\xed\xcc,\xb0\
n\xcc\x09\x1a\xad\x13,\xa7\xc6\xc1\xd19\x88\xd6wt\
\x5c\xbfaN\x11#`\xab<\xf1\xcew\xcd\xcc4\xf5\
;e&\x9a#e\x01s\xba\x07\xd1\x88O\x87_d\
\xf5u\xd8\xc1\x07\xd0z\xc1\xb2\xde\xf8\xb6\xc3(\xb2\x80\
'\x0a)\x8b\x9c0\xd4 \x96#\x16\xb7f\xd9\xda\xd2\
\xbd/}`Y7\x7f\x1a0\x8b\xac\xe6\xeb\x0a)\x8b\
,Ek\xe9\x06\xb1\xa5\xf0k\xf7\xfb1\x04\xdf\xfb\xd2\
\x03\x16i\xc2O\x9c\x90\xe6\x84\xd7\xfb\xa3\xf5\x0c+q\
\xab\xa2\x13\x08\xa0\xf5{a\xa4\xca\x8fM4\xea\x04\x8b\
\xc4\x9fGL\x1a\xef\xa0\xfd\xaep\xa3\xc5s\xf5\xb2P\
?\xab.\xcb\x22\x16\x81\x06i\xfd\x82\xdcL\x07\xae\x89\
\x8a\x81e\xfd\xeb\xa2Ad\xa5\xb1\x98\x10$ZGX\
i\xb2\xac\xbe\x01;\xf8\x93b\xd6@\x87\xda\xad\xe9\x06\
\xcb\xfa\xf1\xb61\x83Co\xff\xd3\x89\xe4\x98\x18\xa2\xd7\
O\x93t\xc9\xaf\xa35q\x061\xc9\x0f\x84J\xb1\xb4\
\x83e}\xfa\xc0 \xb2\xd8\xc5\xa4 \xd1\xe8\xed\xe7\xa4\
m\x1f\x8b`\x91\x9dz\x04X\xce\x8e\x86\x5c\xbb_\x0a\
\xf2S\xaf\x8b\x8a\x82e\xbde\x90\xd8\x01\xf1\x99\xe8\x1e\
IY;\xde\x22\x09C>\x9e\xaa\xe1\x00\x0d!6\xc6\
\xcd1\x89To\xbfY\xe5\x8e\x8fV\xcc!\x8b\x8d\xb4\
\x0a\x12\xc9\xa7\x9e\x94\x05t~\xaf\xd5\x8e\x94\x0dl\x87\
\x5c\xbb/\xb2\x00\xf2\xeemQa\xb0\xac\xcf\xae\x19C\
\x16\x9a\xee\x91g\x88G\xce\xf5\x22\x87\x92T\xab\xf50\
\xdawC\xde\xd0y\xe9\x1b,\xa0ST\x1c,\xebO\
\xfd\xc6\x90\xc5\xda\xfa\x04\x89\x17\xde/o\xc8kZ\x05\
\xca\xb80\x13n\xf5\xfeXaC\xc7\xbf\xb7\x85\xa5\x83\
\xacn\xc0L\x91\xb2\x13\x9dN\xc1\xab\xc0\x1d\xd6\xf7\xac\
\x10_?c\xbc\xfc\xd8\xc0\xa4\x08\x01,\xeb\x83{\xa6\
\x90ew\xec\xd3\xc1Nb\x11i\xef\x5c\xc7\xc7t\xc4\
\xff[\xc8\xd6\xb8ab\xac4\x96D(`Y\xcff\
%\x0c\x91\xcf\xd0\xcff.\xee\xb6\xc3\xfb`\xaa\x97\xd7\
\xfb-\xf0_\x08\x87i\xf7\xee\xff\xe0\xa2\xda\x15 K\
O|\xbec\x0aY\xcd\xa7\x05'h-\x01\xde\x1a?\
\xa2aY\x87\x08\x9b\xf4\x85\x06\x19\x19S8\xeah\xe9\
\x22\xeb\xdc\x81\x11d\x01\x0f\x08WN\xae\xa3\x02\xec\x8c\
rN!g*\xd4\xf7\xec\x8d\xda\xaeO\xdb\x0d\x224\
\xb0\xac\x87\xe31\x983\xd8\xa1\xcb\x9b\xf0\xa4\xfe\x99\x08\
\xd7\xf6\x16\xa61\x1a1\xaavG\xbd\xc2_\x82u\xe4\
\xc9\xb2\xe9`\xc7\x11=\xdf\xc0\xff(\x9a\xbe\x85\x06U\
\xef\x91~\x89R\x17U\xf5\x83E\xc9\xdal2\x81,\
\xd4\xcfF\x05\x89Q\x09\xcf(z#\xc25\xbd\x85\xe4\
~V\x08\xe1\x7fX\xc0\x1a\xbe\x0f\x15,\xeb/=F\
\x90\xc5&&\x05\x89a\xaf\xfa\x85m%\xf4}\x17\xa2\
}\xd7\x80\xda\x9d\xbc\x84{\xc5\xc1:&\x0b\xb1~A\
\xc3\xeb\xfd\x8e\xd4\xd5\xa8\xa3\xfc\x16\x9a\xd4{\xefi\xd6\
\xf2\x12\x0a\xeb\x98,iw<\x16\x84\x9a\xed\x09\x96K\
\x15\xa8\x14\x8e\xff\xb7\x10\x98\x8b\x9a\xb3\x04\x9d\xb6\x97D\
(`Q\xb2~\xa8\x87\x09\x1b;\x9c\x8a\xc0\xbd\x22e\
\xb4o\x8a=\xe5\xb7\xd0\x1c\xe5Ld\xf5\x06\xfcwG\
\xc3\x07\xcb\xba\xf2\xbfM kh\x93\xa6\xacF\x8f\x0f\
\x83\x8f\xbb\xab\xfc6\xf3\xddp\x9c\x14\xa1\x04\xfdaK\
\x7f\x09)X\xc7d\x01\xb7\xc9C\xc7\xa3\xe7z\x91\xa3\
E\xef(\xcf\x0b\x8d\xd1\xbd\xb7\xfa\xd5\xbb\x03KB\x19\
\xacc\xb2zwhm\x9e\xb8\x0dx\x05\x7f\xba\xb43\
\x88\xdd\x09\xabz\xdf\x1d\x82\x7f\xc5Lx`Q\xb2\xb6\
\xab\x95,:\xb4\xa1\xb3h\xcf/\x1c\x83\xbb\xba\xb43\
\xc0\x13\xa1%4X\xa7\xaa\xda\xd1Y\xd6q\xce\xca%\
\x8d\xe1\x9d\xde\x94\xb5\xaeAGJ\xb6V\x0d\xd8UM\
\xa3S\x84\x0a\x16%\xeb\x8f\xf1j'\xcb\xbeL\x84Y\
{\xa2\xa7\x0e^\x8d\xb2\xae\x9d\x0a\xd4\x85dE\x9a\xb8\
\xc8\xfc\xbe\x84\x1b\x91\xea\x01\xcb\xfa\xa4\xea\xc9\xc2\x8d'\
\x5c\x90\x18\xa5\xf2\x0cb}T$\xb8_\x89\x13z\xaf\
\x86\xd3\xc9\xea\xbbl\xfb\x15s\xdf\xf2\x97\xb1\x8e\xc9\x1a\
\xa2\x1b\xf7\xa2\xef$\xf3\xe4\x95\x1eM\xfb\x85\x90\xe7C\
\xa9\xde\xa3wS\xf0\xbb\x05)|\x81uLV\x1a[\
I\xfaK_\xbe\x108e\xf5\x9d\xf5\x95\x08B8;\
N\xac\x9e\xcb\x9bZ)X\xc7d!>K[\x0e\xad\
\x9e\xbdhb0Y0\x96\x90\xf6\xf9\xc24\x1a\xe0\x11\
I<ft\x82\xf5\xd0\xf2\x11\xffU\xedd\xb1\x97\x93\
\xee\xa9\x0d\x8f^\xa2]R\xe2\x89[0\x1c\xdf\xbe3\
\x18zn\x80\xb4\xa1\x88\xc7\x0c\xd1\xe1\x96\x04\xd6\xea{\
\xb5\x90\xb3\xe8.\x18\xed\x92\xa6\xfd\xa4,j\xe0b\x82\
\xc0\xa1\xa7\x19zF\x04\xc9\xdb%\x81ub\xfe\x97\x9b\
5\x94\xb3\xd0\xb2\xeb\xae\xdf\xb9\xd8\x1c\xf2\x9f\xb2\xa8\xbe\
\xd9\x8f\xc0\xc1\x00;\x106\x92T\xcc\xd8\xa9\x92\xc0\xc2\
\xa9\xb3\xdf\xbeQ;d\x01\x0bT\x1b\xc3=x\xa0c\
J\x8f\x1f){\x9a\x08\x01\xacQ\x9f\xf8\xcbU5\xfc\
\x13[\xac\xc4\x0b\xabl\xe8\x9fWj\xe75D\xea\x5c\
\x94\xbb+\x85\xfd\xcb\xb6'e\xe9\xa9^\xec0\xae5\
\xf11\xa6cQ\xcd\x89n\xa4P\x22X\x92\xc5\x7f\xf7\
\x1b\xc3\xc9\xa2\xf63E\xb4\xa4\xb6j\xca\x1a\x05\xc2m\
\x91j\xe8\x8a\xb0\x8bji59\xc6d\xa9`I\xc4\
\xce=\xab\x99\xd7\x10M\xe7\x05\x89[\x13,`\xca\xda\
lG\xa8-R\x0d\xedQ\xc4\x96U~\xc6\xbdW\xa2\
\xa3\x92\xc1\x92@\xff\xbb\xb5CVG\x8f\xe0\xee\xa4>\
\x13\x0f\x98\xb2\x92\xf3\xccg\x8b\x94W\xbc\xc4\xea>\xf0\
\x07V\x8b\xd2\x15\x8d\xcc\xc1\xda\xd2\xc1\x92`\x9d\x9f\xd6\
\x0aY\x9e\x83\xbd/\xd6\x90\xf6\xa4,\x0d^\x1b\xc4\xd4\
\xb3R\xd1\xe0\x87\xfd\x22\x07\xa5\xa8J\xb2,`I\xb0\
\xb5\xafk\x86\xac\xaeiR\xbf{\x85Y \xab\x17\xf9\
\xe3y3B\xdc\x01\xd3\xe0\xb8\x86\x0b\xb3\x11\xd5\x84U\
\x1e\xb0$N=\xfas\xad\x90e\xcf\xb7zZ\x0e\x81\
&\x86\x09\x7f\xee\xe9\xd4=\xb9\xfa\xdc\x92\x15\xee\xbf\x90\
\x81EY\xc0\x92\xe9Sm\x7f\xbfY\x1bd\xa1\xa9\x9b\
\x0e'\xf6\xcf\xda^\x91\x83\xa3\xb2\x12\xedK\xee\x97\xc6\
\x93\x10\xd4\xa3\x1a\xc4\xee\xc9\x9f\x99,\x15,\xb2h\xf2\
\x93/\xb2\xeaQ\xbd\x92\xbf\xc7T?\xd3\xdd\xf4z\xca\
R\x93\x8eLu\xa0\x94\xae\xb6\xfeXG\xbalbw\
\xe2<]N\xb0$\xab\xf3\xd3\x84\xbf\xf2\xc3\x05\x18R\
\xbf{\x0fV\xa0E)e\xf1\x06\xf8\xca\x08\x83\xfb\xa2\
\x82An\x0d\x97.\xf1#^\xf9e\x05K\xb2\xe6\x7f\
\xd7\x08Y]\xd3nn\x1c\xcf.\x18\xb0\xfe\xbd\xd2$\
.\x8e\xe0\x8b\xa0\xfac\xca\xc7b\xad\xda\xedF\xd7u\
\x8f2\x82%\xd9\xd0W\xef\xd4\x04Y\xec\x11\xad\xdf\x13\
\x0f\x00\xcf\xc2\x8eB\xca\xda\xf6!q\xa8\xfc\xddq\x9f\
\xd2\x1et\xdd\x15E\x82\xa4\xf72\x82%Y\xfb\xef\xdf\
\xf4\xb3}\x7f\x01F\xac\xecpq}\x10\xde\xd7R!\
V\x00\x0d\x03\x93p&\xd0\xecQReJx\xa7\x1e\
\xe5\x07K\xb2\xd4?\xdf\xac\x85\x9ce\x93\xfe{\xd61\
\x8b\xacE\x17\x7f\x0d\xa3\xe3)h\x98C\x872\x81\xc6\
A\xa1\x91\x13\x19\x81i\x00K\xda\xa9?\xfc\x97\xf99\
\xcb\xab\x9f\xe9kcA\x9c\x1c\x92#,\x949\xb4\x86\
\x05\x1d\x0c\xaa,\x92D\x97\x9b\xa0\x05,i\xc7\xffx\
\xa5\x16\xc8J]\x8a:\xf9\xedg\xc8\x15\xcdr\x8du\
\xc8\x95e\xfd\x11\x1d\xf7\xa5\x18S\xb3\xb3\x9clcR\
\x0fX\x12\xbe\xc8\xba\xf2\xbb*\xf5)e\x13\x93\xa4<\
On\xd1\x9e\x0f\xb0\x98(\xfbXG\xbf\x17\xa9\x7f\xe8\
\xfd\x8ds\xbac\xd0\x05\x96O\xb2\xfe\xfb\xe3\xea$\x0b\
\xb1\xd1\xc2^\x0e\xe8\xba\x1a\xe5ev\xf7c\x03\x93\xe1\
\xfb\x17\xf9\xf7.\xa2\x1e\x9b\xe5\x06\x8b\x90\xf5_5@\
\xd6 =,\xc0\xd7%\xe8\xafz+QnG#\xa4\
\xee\x8a\x8a\xc5\xf6\x80\x0f\xb0\xa0\xe6\xd8\xb0z\x00\x0d`\
\xd5V\xce\x02\xd6\x92dd8\xf5\x9a\xe3-z\xcf)\
\xb8\x92\x0e\xfb\xd1hBvW\xae\xc8\xdaL\xf9A\xbe\
w:Z|\xe5k\xea\xb2-5\x80Uc9\x0b\xf5\
\xf7\x05\x89{\xb4~W\xf4~\xef\x04\xaaR\xec\x17\xe9\
\x96(\xf7\x9e\xea\x9c\x84\x06\xb0j\x8e,{`\x8a\xd6\
\xef\x17i\xf2A\xfco\xc5SVtZ\xfd\xdb\xab\xa2\
\x86\xef\xfc\x01+\xefv\x8e#\x9e\xb7@j\x06\xcb/\
Y\x9b\x12U\xef?\xc3\xc5x;\xbc\x9b\x17e\xdd\xd6\
\xa9\xa0edk\x9b\x9f\x9f\xabyW\x01\xd5'\xd0\x06\
\x16!\xcbG\x0f\xfe\xe1\xb4D\xd5\x8bI\x05\x7fr\x03\
\xf4\x13\xfc^\xf1\x86ftU\xc2G{{9R\xa9\
\x12\xab\x0bR1\x94\xce'pq\xba\x19R?X\xd2\
\xee\xfd\xa7\xf1d\xb1\x91[\xe4W7u\x96\xbd&$\
Qh\x0f\xec\xfaie\xb1\x85\xef\xab\xd0f\x06M\x0a\
\xe2V\xbe\x00\x8d`\x91\xe9\x8e\xe9dy\xcd\x1c\xa8\xb1\
\x11\x1dV\xfbW(\x87\xbaQ\xd1\xc0\xca\xaaIv\xc4\
x\x17\xa4F\xb0\x08Y\xbf\x7f\xc7\x07Y\x1b\xd5HV\
\xcbuR\xbf7\xd2\xfa\x9d^\x8b.G+\x0b]\xa7\
C-\xb1\x827\xb1\x12k\xf4W\x03}`I\xd6\xfe\
\xbe\x1f\xb2v\x80*ofy\xeaw\xc8\xd12\xad\x1b\
\xd3\x95P\xfdq\xbd\xdd\x07\xed\xa9\xa2\xc3q\x8f\x18\x12\
\xe5\x07\x8b\x90\xf5\x9d\x0fM\xe9\xe7\xf7\xab\x90\xac\xfa;\
Q\x91\xbf\xff\xaef\x1e\xf9\x04\xf0QdU\xa6\xc4\xba\
\xe7\xa3\xc4bg\x1a}\xaf\xe7\xe2\xa4\x06\xb0\x88Z\xd9\
H\xb2h3\x8b\xbb*\x89a:\x08\x01:y\x00U\
V\xf8EV\x03+\xeb\xf2\x7ft\x96v\x8f\xd1~I\
\x03X\x84\xacoo\x9aL\x96G+\xfaJ!I:\
<\x9b\xc2)Y\x95E\x8a\xac\xaa+\xb1\x06{\x14\xf5\
}\xe4\xefM/X\x92\xd5\xfd\xd5p\xb2R\x97(%\
[\xe4G\x04\x1e$\x8a\x0bT\x0ePeE\xd6i\x1f\
],\xb6\xc8\x95\xe42\xe4\xa3f_h\x06K\xb2o\
\xfc\xec\x1b>\xeb\xb6Qu\xca\xac>WNr\xc4f\
3\xbc]\xd4\xc2\xf1\xb8\x05\xfa;Yz\xbaX\x99{\
\xaa\x85s\xb2\xb7@\xb8\xb0,\xb4\x83%\xd9\xe5\x7f\xf8\
 \xeb\xednT\x19Y\x90s\x14\x9ck\xb4~\xb7\xc7\
\x92\xc5{\x87v\x95\x8d\x0b\x17\x98\x8f\x1fh[\x14\x0b\
\xba\x12\x90\xb6/6\xea\x02\x8b\xfed\xbf5\x9b\xac\xa1\
qR\xbf\xbf\xa6\x7fG|&\xea\xf8Z\xb4\x0a\x7f\x5c\
\xa8n\xbd\xab\xe0\x93\xec\x1c^\x87!\xbf0\xfd`I\
\xd6\xf6\x8be,Y^\x9b\x10j\x99E\x0f\x87\x95^\
+\xe3\xa0;RM\x83B\xb4\x17\xf9\x9a\xf0\xdc\xb3\x82\
\x5c\xf9^h\xccX\xe4W\xffg?d\xad2T\xf5\
d'\xb1H\x7f\x91M\xcb>\xdf\x0a\xf5Z9|\xc3\
56V\xe4\xe3\xc4\xe3-\xcdN\x0e\x0b\xa72`\xc9\
\x13\x8f\xfee\xa9\xc7\xbb\xa3\xd5FV\x8b[\xa6\xcc\xc5\
n\x8b\xe77Y\xbeI4\x1b\xd8\x16\x9a\x83/\xb22\
\xce\x9f\x89\x1b~\xe6\xc0\x87\x10\x15\x02K\x9e\x9a\xff\xda\
\x5c\xb2\xbcgv\xfac\xa0\x83\x9dR\x97*\xa8\xf0=\
*\xf4\xc6\xa4\xaa\xdc]a\x1a\xca\xa3\xe7H\xff\x17\xb8\
\xfdBT\x0e,\x9c\xda\xfa\xd1`\xb2p\xa1\x9bT\xab\
\xaf\xf9\xcf\xa0\xee\xb9p\x14\xac2\xd4\x1b\xddZCy\
\x14\xa0t\xfc\x93\xdce\xcf\xcc\xed\xb9n\xb0\x08Y\x8b\
\x9f\x1aL\x96\xdd\xf1\xdc\xfd\x18F\xa7\xbb\xe0\xcf\xcaa\
\xf2$\x0b\x7f\xbb\x90n\x14\x96\xee\x04BG\x11\xb4\x1e\
\xad\x14X\x12l\xe1-?d\xadW\x15Y\xc0b\x92\
~\x08\xdd\x80\xbf\xbd\xe89@Y\xfd\xd4'\xb4\x86\x8f\
w\x99\xfd\x9c\xafIG\xcc\x07\xa86\xd2\xd1\x0f\x16%\
\xab\xf33K=>\xead\xa8.\x99\x03\x15\x93\x922\
%\x8d\xb5D\xb1!J;\xd4-\x1c\x22\xe1\x9b6\xa8\
\x0e\x98Vi\xb9\xd9\xb5\x11\xe5\x15\xc9X\x84\xac\xf5w\
\xcd%\xcb>K\x0d$\xe9\x0b\x80\xdebs\x8f\xc4\x18\
\xab\x12\x0b\x87\xc8t/J\xf1\xbf\xa1\xbd\xd1\x0ex\xc5\
\x1e\x15\x06K\x82\x8d\x9aJ\x96\xd7\x80&\xb9\x06\xf8\xd9\
\xd8\x89\xcc*\xfb\x9f\xb0\x8b\x890}\xb1\x08'\xea\x9b\
9Td\xa4\x1f,JV\xff\xdb\xe6\x92\x15\x9f\xa5K\
)\x83\xb4K\xda]\xec\x01R\xfe\xc6\xc77Z}\xb2\
\xd4\x0f\xd7#5\x1eU\xea\x8d\x92z!\x04\xb0$\xd0\
m.Y\xf6\xc0\xbe\xe0\xb4\xba \xff\xd5aQ\xa6\xf2\
\x1d\xf5\xe7t\xbe\x85Su\xca\xa9s>Y\xb47\x0a\
*\xe4\x0e\x09,\x09,?3\x95,\xa0!\xe1./\
n\x8d0*\x82(W\xf9\x0e\xcc\x09]A\x8e_\x96\
Z\xba\x93\xdb\xc6\x99\x01\x85\x13\x12X\x12\x98\xfd\xdcX\
\xb2\xe2\xb3\xf4(\x1fmf\x0d^\x17\xbc\x1c\xe5;\xb1\
\xfb\xd4\x10+@yJw\xd2'&#\xd5\x10\xc02\
\x9a,\xfa\x18\xd2\xcdhZ\xdd\xe7\x08\x87\x94\xef\x0ab\
`M\x91|\xc4J,\xdd\xc9e\x05\xda\xc2\xda+\x13\
X\x08D\xd6\xb9\x87\x86\x92E\x1fC.\xa6N\xda\xa4\
\xd4\xdd\x88:e\xe9\xbe\xa3\xe9o\xda\x8a,\xf5\xfb\xe2\
\xe8\x1aw\x81\xe2\x89=1E\xf6\xda\x88;~\xa9z\
,\x16\x88,9m,Y\xe41\x14\xe2~\x1c\xa4\xd6\
-\xb2&u\x0dP\x1czw\xea+\xb1f\x9bP\xa6\
\xae\xfb\x8a{2\x04\xb9N\x8e\xa6\xf5\x95\x04\xd6t3\
\xc3\x91\x22\xcb\x1ex,\x1c\xaa\xcc\x22&!E\xb6D\
\x87\xa0\xaa\xb3o\x14\xbab\x09i\xc5\xb4y'W\xcf\
\x97\x8a\xff\xa9v\xc8EV\xe3\x83\x92\xc0z\xf3\x1fc\
G\x8b,ZHq\xf1\xbc\x0e\x1e\x89[\xa15t\xa6\
*\xdb\xbc\x1e\xc2\x8dB5\xc1\x0c\xf9\xa3\xa2*,W\
\x9c\xaf\xb7J\x8b\x8f\x96\x0f\xf4\x93\xf5V\x15\x91\x15\xbf\
#\xc8/\xb0\x89<\x07\xd7\x8a\x1c\xc6R\xfc\xd2G\xec\
\x9e\xa6\x22\x8b6=\x82\x0bf\x1c\xdaj\xa0[p\x5c\
\x9cn\xb1\xad\x12\xe3\xe1\x0f)v\x94r\x96}\xb9\x87\
\xa4\xfc\xa7vZ\xbd\xe5pKU\xfb\xce\x16\xc2^\xfc\
B\xfb\xa6z\xab\x81\x9e\xd2vD\xe3E\xc0*5\xde\
\xfc\xee\x9b\xa3D\x16p;Il\xba\x9b\xe1c}u\
U\xc2\xff\xce\x95~U\xb2\x7f\xad;m5P!\xa4\
\x10\xfdM\x90V\xc9q\xf3\xefgN\xe1\xe8\xbc\x86\xa8\
\xa7\xbb\x13\xa3\xee\x14\x80\xdes\x05\xd7W{\x06\xa1>\
\xa5\x0bS\x95\x8c\xfaB\x07\x03\x1c\xb1\xef\x96\xde\xa41\
\xe6\xfdc\xb3\xca\x10_?`G\x89\xac:\xd7{\xb7\
'&'\x18U9\x94cu\x15\xb2_K\x91\x15\xbd\
\xda\x0b\xc5\x95\xbd\xfc)\xd3\xdb\x1b\x1e\xdct?\x84\xb7\
\x1e\xd9\xb2<`Y\x1f\x8d\x02\xda_\xc3\x95*!\x0b\
\x18k\xcc~\xfcq2\xd9)\xa2rp\x22\x1b\xaa\xff\
\xb0c\x5cK\x89\xb5\xea\x02\xc2\x13\xaa\xfb!<:\xde\
\x8e\xfc\xebq\xd7b(\x17X\xd6\xdb;\xb1 d]\
\xf5C\xd6\xbb\xd7\xaa\x85\xac\xa6U\xfa\xd7+\xe1.\xee\
\xf7\x0b\xd5\xef\x8d\x8a\xce3\xe8\x18\x0eS2\x83\xc1\xe7\
\xa2@\xd0\xcbBvF\x8e\x9c\x09.\xa63\xd0Y\xe5\
\x89\x87\x1f\xd7\x1f!\xb2\x9a]K\xf7\x5c\x0c\xbb';\
\xc0\x13^pW4\x06U\xe9L\x88\x92\x19\xbb\xe0%\
\x03z\x0b\x0d\xed\xae\xabB\x5c\xf4M\xd8\xb2\x8c`Y\
W\xfe\x98bG\x86,{d[p\xd7\xce}/\xf9\
=\xbb\xa8\xf3\xc6\x94\x9a\xe0\x1cX\x09Q2\x83\xde\x0d\
O\xd7\x9d\xbaW\x90\x8dzN\xd6L$\xca\x0a\x96\xf5\
\xe6WCG\x86,\x1c\x10\x07\x9a\x04q\xa2\xb6/\x16\
\x9c\xb1\xad\xab\x95\xa3lD\x83tF\xfd\xffx\xa3\xb2\
a\x00{\xd9'\x9c\x1c\x7fdV\xd9\xe2\x8do;\x8e\
\x0eY]\xae\x0bM\x5c<v\xcf\xf9\xa9o\xa9'6\
\xdb\xa1\xf6\xdc>\xd7 \x999\xc3\xd4\x1a\xff\x05\x8cI\
\x1cz!\x1b\xa9K\xe471`\xcbr\x83e\xdd\xfc\
\xc7I\x96\xf6O\xd6\xa5\xcf\x0d$\xcb>9%x\x9e\
\x9d\x1d\x9b\x8c\x0c\x03\xfa\xbe#v\xbf\xfcE\xd6\xee\x10\
\xd4\xa6\x0b\xc3\x8aCBj\xc2\xba'\x92\xd9\xff\x9aU\
N\xb2~\xa1\xadR\x1d\xca\xbfw\xe7\x18\xaaN\x9a%\
\x92\xb7\x015\x95\xb2\x13\x99Q\xabs\xd8R\xf9K\xac\
;1\x94:&\xe4\xd1\x1dwE\xc9\xe8\x1fXw=\
\xbd\xb0Z\xb6\xf8\xd7\xd8\x91!+~O\xb8\x0dh\xbe\
\x81\xfb\x19\xdb\x14\xbc\xd4\x81\xa1\x0e\xff\xe4\x05V\xf2\x98\
\x906\x84\x89@\x8d\x8b\xcd\x16H=`Y\xef=`\
G\x85\xac:2p\xeev\xe9\x8e\x81\xadd\xc9g\x9b\
\x90\xda\x0c\xc9\xc8\x8f\xad%\x14W\x9f\x89\x8a\xc8\x11\xb7\
\xe6\x91\xd6\x05\x96\xf5\xd6z\x00\xb2n\xcc\x98Wg\x01\
\x17[]\xa5T\xe3\x98\xeb\x97\x8a\xf8\xfd\xe8^ \xaf\
[\xea:\x13\x82\xcbL\xc6\xcdV\xd0\xc8\xe7\x0dF\xd7\
\xc3\xf9\x5c\x0c\xb2\xbc`Q\xa3\x18\xe8&\xebO\xfdU\
AVl\xf4{\xb7\x04\x89\xfc\xc6\xdb\xfa\xf2\xd7\xef\xdf\
/)\xfd\x86\xd8\x16/\xf7<GBI\xbeZ\xe0\x0d\
N<\x00\xf2\x18Z\x88Kdk\xc9*{\xbc\xbd\x1c\
\x80,\xf8$\xcb\xae\x06\xb2\xda7\xa8\x1b\x9bb\xfdN\
\x0fe\xe9\x9f\xea\xf8\xdb?C\xec|4\xbf\xbco\xa7\
\x17DADVK\x98\xd4\x0a\x96\xf5lF\x06'\xcb\
\xa4\x9ce\xb7e?\x89\xf6D\xab[\xf3G\xebw?\
\x13;2\xd5\x09a\x9e\x83\x8e)\x917\xb6I\xe5\xde\
\xe1\xf6\x9bK>\x004\x83e=\xbc\x1a;\x12\xaf!\
\xad]\x89\xe6/M\xd6\xcd=\x1b\x86\xf5PZ\x88\x0e\
a\x9e\x03<Q\xab\xdc\x890\x8dv\x1a\xb4\x81e\xfd\
\xe6\xe3\xa6 d=3\xed5D}w\xfe_\xfb}\
\x7f\x12e\xfdS\x9du\xa4K\xea5pq\xbd\x05\xc4\
\xa9\xc1-\xee\x1b\x84\xd4\x0f\x96\xf5\x97\x1f\xea\x11\xc0\xd7\
\xe1m\xe3\xc8j\xc9\xbex\x8eh}\xc4\xd4Vvh\
\xc7A\xffT\x87\xccs\x82\xf7\x1ah\xcf\xbdnW8\
\x87\x5cM\x9e\xb1\xa5>\xb0\x88\xd8!n\x07 \xeb\x03\
\xc3^\xc3\xb4=2)x\xf6N\xe6\x10\xe8\x06g\xbe\
\xd8W)w\x10#\x9b}\x15\x99\xe7 ~)\xef\xff\
\xcd\xe8\xdf\xe2\xa0\x8aF\xaai\xa8\x08X\xd6'\x7fH\
1\xed9+|\xb2 \x9f\xf0\xdc\x02xr*\xc5\x13\
\x9d\x80B\xf6h\xa8\xf8\xed\xcb\xfcG/\xf7^\xa9e\
\x88\x8c6\x1b\xf7\xbd\xc2XKW\xbc\xf9\xfb.v\x04\
r\x16z\xef\xbb\xea\xf7\xed\x11W\x9e\xb6\x9f6\x96\xa2\
q(\xf3\xc1&\xfe\x80\xa9\xe9\x1a\xf2vv\xe7\xb2Y\
\x89\xdcT\xe0\xe2z\x87-+\x06\x96\xf5\xce\xfbCG\
\x81,\xbbc\xd7\xf5+\xbe\xda\x0e\xba\x14\x15\x5c\xe3@\
o\x09\xe8\xd9\xcfQ_\x7f\xa6\x8bnh:\xef\xfa\xaf\
\xdc\xfa\x19\xa8 X\xd6\x1b\xdf\x0d\xea'\x0ba\x93\x05\
<\xbd%8\xd9$\xc8\xcaO\x88!.\xe98\x5cR\
8\x08VN\x9b\xdb\xe8x/J\xeap$/\x22\x9d\
g\x9fd%\xd7#ki\x8c\x9b\xdf\xb6\xe8&\xeb\xed\
{\xe1\x93\x15[\xe1\xb9\x1f\xc3B\x87\x05Z\xcf\xb0\xd2\
\xb7F}\xcds\xa0\x00V\xf3\xae\xc8\x17\xcb\xf5\xc8\xbd\
\xef%\xfe\x96s\x04ii%\xeb\x8b\x0e\xdd\x15\xfc\x07\
U@VjF\x08\xf2\x18\xba\xe5\x95y\xd0\x8a\xaal\
U\xa0n\xaal\xf3\x9c\xa7\xac\xf87.\x16\xf2\xfc\xb4\
T$\x8b\xa6~\xf7X:\xb7\x8a\xdf\xd2K\xd6Og\
\x03\x90\xd5\xff'\xb3\xc8\xb2/\xef\xe6y\x0c\xd9\xc4d\
\xbef\xd6\xf0Y[\xa1\x01{\xa9\x5co\xe1~\x8b\x02\
\xc7\xa9\xab\xf9\xac\xe3\xf8\x12\xe0\xd2u\x1c>\x84\x8eh\
\xbd\x08T\x0a,\x22W\x1e\xf0O\x16[5\x8b,\xe0\
i\xab\xe0\xd9\xc7\x90\xb9\x15\x10\xf9m\xd8$T\xb5\x9c\
\xa5GdF\xc1\xa7\x92=M*\x9c\xf8\x22_\x84T\
+C\xc1\xd2L\xd6o\xdbN\xe9&k\x19\x08\xbf\xcc\
\x22\x8f\xa1\xca0\xfa\xb9\x82\x8fC\xf9\x1c\xd8:\xa1\xe4\
\xd7\x90\xf3gu\xdc\xc3g\xf2E(\xc4l>\x8d\x97\
\xa5=~\x99\x08@V\xbfad\xf5\xce\x0a\x91\xeb1\
\x04\xf1\xcb\xf0\xbe.E'w\xbbe\xf2[\x9b`\xc5\
)~I\xdbf\xb4\xf1K\xbf\x08I\x07+$\xb0\xac\
?\x9f9\x91\xaey\xb2:\x0e\x85\xca\x9c~\x19\x12\x0d\
\x00\xd16)\xc8\xb2\x88\xd5\xba\x06\xbf5%!\x16'\
\xae\x90.7wGl\xcf\x03\x95\x05\x8b\x925\xcfP\
\xe3d\x01\x8f\x0e\x87\x86\x0e\x99\x19\x12\xa76\xdfMR\
\xf6\x80\x8b\xd2\x83n\xf6\xfb^\xfaJ\xbad\xd7\xe4!\
L<\x91\x90!\x82e}\xfd\xf4D\xcd\x93%;\x13\
\xc2\xa1O\x87gQ\x8c\xc4\x9eJ\x93\x94\x0dL\x8a2\
\x04\xbf\xcd\x826G\xc9\xa2H\xe6\x8a\xf1\xe1\xd0\xe7N\
\x1c\xb2\xe2`Q\xb2\xfc\x9b\xe0\xc2\x1e}\xd7(\xb2\xe2\
\xcb\xc4\x22\xcaU\x7f\xedD\x9d\xa0\xd63\xe8\xbd\x1a\xad\
\xcc\x89B\x0c\xee\x8a\xbd<\xa7\xe3l\xd7Cx=\x9b\
\x98\xef\xb6@\x86\x0c\x96\xf5\xde\xda)\xff9k\xe53\
?d\xcd\xca\x90\xc9\x1a\x1c\xcf\x16\xb5\xe3\xcdpm\x08\
\xe6QfE\xee\x15\xd5C\x02\xa3\x91r\x9c(\x8c\xa3\
\xf8\x06.}t\xa93\x85W\xd9\xc8\xc5\xf0\x84-C\
\x01\x8b\x92\xb5\xc84\x93\xf5\xf9\xcc\x8dp\xc9\xb2_N\
\x09N\xd4\xa4\xc5\x94Y}'Y\xf1\xdeR\x19\xa6:\
\xd1\xe2\xa7\x0b\xd05^L\x85ET\xa3\x5c$\x17\x80\
*\x00\xcb\xfa\xb4\xa1\xc6\xc9\xca\x1c\x8e\xe6\xbf6\xa4\x9f\
\x02\xd9\xa6\xc1\xb4p\x02\x9a\xdd\xa2\xe5qE\xee\xe7\xb0\
-\x0a\xb0\xcb\xfd\x8b\xe5Tr\x88\xfe\xc2-W\xab\x82\
d\x9d\xaau\xb2\x9aVy\xf6\x13\xdd\xd5\xffd.\xcf\
;\x12\xfb\x1dE\xc1\xba0\x13\xd1p?GU9J\
\xce\xaa\xa3\xdee+p\xae\x1dR'X\x1a\xfci)\
Y\xef\x9aDV\xd7\x0e\xb9-@&;\xc1\x0c\xab\xd2\
X*\xbd\xc4\xba_\xb4\x96c\x8f\x1as7\xdb\xceu\
\xc1\x95\x91_dor\x0c\xd8\xb2Z\xc0\xb2>[\x0f\
@\xd6\x9cId\xd9\x97\xaf\x0b\x9e]\xbaGv\xb2s\
7w\xca\xba\xde\x8c\xa2\xfd\xf0\xd2\xcdA\x96\xect\xb1\
\x5c{'\x92\x8b+b\x01b\x9f\xed\x11\xfcWm\xdf\
S@?Xz\xc9Z\x7f\xcb\x10\xb2h\x9f\x94\x8b\xeb\
u\xae\xf6\xcf\xd3F\xb1\x97\xd3\x9f\x1b\xe9bY\xb0d\
s\x90\xd6\x22\xdbf\xf9\xdd\xb7\xf9\x9c\x84\xcb\x90\xe2P\
\xfe\x9exr\x00\x192X\x94\xack\x01\xc8Z2\x89\
,\xb9\x94\x10\x0e\xdd\xe1\xa4\x0dk\x12N\xf1u{\xc8\
\xeeR\x8b\xac\xcd\x14\x02Ms\x1c\xd7<\x9d6z\x97\
\xe3\x90\xe1\x83E-Cj\x9d\xac\xfa\xf3\xd4\x8e\x8dv\
\x16\x03\xccu\xd8\x1a/\xb1\xc4:/\x11D\xea\xee\x88\
[\xae\xa1g\xd6\xc3\x90\x8b\xab\x0a\xc74\xad\x1a$\x0b\
\xa1\x92\xd5~.[\xe1f\x1b\xde\xc0V\xce\xf28z\
.\x8ebu[\x9f()x1vq\xe3ZqQ\
Cj'\xab&=i\xcb\xaa\x00\x8b\x92\xd5\x0f\xddd\
]:\x08\x93,\xfb\xec\xae\xe0d\x98Vpg'9\
\xcf\x8au\x026J{\x0b\x87;\xecb\xbd\xb2\x1e\xe1\
\x0d2>\x80\xec<\x14o\xb4\x8e\x01U\x08\x96\xf5v\
w\x00\xb2:\xdf\xf2eJ\x12\xe6t\x07\x98\x9f\x14<\
\xc78\xa4.\x03\x1c\x0d^\xd4!\x04\xb8\x16-\xe9%\
<W\xf4\xff@g\xce\x87\xb0u\xdeNg\xa7\x0a}\
\x82g\xfe\xd3\x89\xf5\x18d\x18`\x1d\x93%\x97^\x08\
\x87\x9aF\xd1y\x08\x89\xd6\x09V\xac\xc7\x94\x14\xa5\xc4\
\x0a\x8a\x805t\xba\x98\xb5\x0c\xba6\x0e\xb7B\xba\xe3\
\x90\xe1\x80uLV}\xffa\x09\xb5\x93\x22\x13\xdc \
\xb7)\xd1\xdcS\xd2<\xa7\x88\x86\x02X\xe0\x85\x17T\
\xc9\xc1\x84\x0d\xc5+\xf8\x961d-}j\x0eY]\
;\xd4.\x83>\x86>G\xd1h*\xc9\xf2\xfdy3\
\x14\xc7\xcf\xf4!\xfc\xd9\xf5\x10fN\xbc\x90\x8e{U\
\x82e=\x9b\x0d@\xd6\x83\xf7\x8c!\xcb\xee8-\x9c\
_\x8f\x16\x15}\x0cW%\xf4Mu\xa8\xb9\xbb\x9aq\
\x11\xf9\x22t\x1d\xa5\xe2b\xf2g\xa0\x9a\xc1\xb2>\x0f\
B\xd6\xa21d\x01g\x86\x7f-v7\xda\xe9c\xe8\
\xffpSi\x96\xef\x0d\xac\x88\x94p#\xea\x14\xf8\x22\
t\x9d\xd1\xe3\xe2\xc5\x92\x84\xacj\xb0\xacg\xf7k\x9c\
\xac\xc5\xc6\x0cY\xe2\xfbk1\xda&U_1\xa4S\
\x1d=\xe6\xee\x8c\xdc\x94\xcaJ`\x0fGM\xe9\xec~\
*_\xad\x87\xacr\xb0\xac\xcf\x83\x90\xf5\xc0\x98:\x0b\
\xb19.\x9c\xd7u\xca\xc0X\xae\x99aOa\x1f\xb6\
R,\xdf\xa3wS(\xdc%\xdb\x898\x05\x1eBr\
)a\xa6\x0b\xb2*\xc1\xa2d\xd5v\x9d\x85\xde{\xc4\
\x9f\xb3\xe0\xccp\x1d\xd04\xd5\x89\xf4\x17\xfe\x1d\xd0\x0b\
rt\xe7\x96\xee\xaf9b\xb3\xce\x96\x06\x80e}\xbe\
!\xb5\x93\x15b\x0f\x1e\xcd\xd3D\x9aE\x8dZ\xe8\xcb\
\xb3\xdb\x8c\xc2\xdf\x02\xc3\x9a\xe69\xa8\xbf\x1f\xc9!\x96\
\xc9Z\xe1\x00\x0f^\xfc\x87\xb6\xfd\x97H\x1b\x01\x96\xf5\
0\x00Y\xa7|\xbd\x86\xbf\xf98\x16\x1eY\xf6@\xa6\
\xbb\xe0\x88\xe4\x1apX\xb1\xcc\xb7\x0a'\xd7V\xb4\x9e\
\xa9\xcepA\x8dj\xee3\x14|E\x22\xfb\xff\xc4c\
\xc1\xc9$\xc7\x00\xb0(YZ\xea\xac\xff\x0e\x91,\xe0\
Q\x9f\xe0\x99\xeeO\x87]HM\xea\x88\xd3C(\xba\
\xf3\xa7\xc1\xdc\x1dM\xcbQ\xe1\x09\xb7j\xb4w&\xc3\
\x9aHt\xfa\xfbMZ\x06\x92\xf5\x9e)d\xc9\x07I\
\xc1=\xd3\xe8\xa1\xab9R\xd6\x02\xa0e\xaa\xb3\x02\xf8\
\x13\xf8q1\xdc\xc6\xbc\xb3gq\xde\xa7\xc1\xbae \
Y[?\x9aBV\xd35\x9e\x81(\xd1\x80\xec\xeb2\
\x91Id$e\xddm\x87\x86\xa9N\x91y\x0eb\xdd\
\xde\x84\x95X\xbaA~T\x87~\x10\xfa\x07\xcb\xa0:\
k\xcc\x18\xb2z\x97\x7f=a\xd4f\x17\xdc3\xe4\x8b\
\xb6\x86\xa9N\x91y\x0e;\x99C\xea5\xdb\xebJ\xae\
\xd3\x82g\xb8'\x1f\x84\xe1\x83uL\xd6\xd0\xb9\x1c\x85\
K\xea\x92\xd7\xda\xecj\xa1\x94\x90\xb6\x974\xccs\x10\
\xeb\xf7>\x84=g=\xe5 \x17\x8f\xdblT\x15X\
\xc7d\xd9\x97O\x0b\x87Z\xdf\x91K\xca\x87\x91Xc\
\x1a\xa6:\x0d\xcc\x97\x22\xd9\xc9\xca\xa9\xb3\xa7>\xb9\xd8\
\xbe\xe8_\x94k\x19J\x96)u\x160\xf1\x0a\x22\xfe\
\xff\x1b\xf0\xe9\xacR%\xe1\xd9\xe0\x9bN\xa1\xf4\xa9\x8e\
\x9f\xfd\x1c\xc8\xd5\xdc\xce2\xb4\xe5\xceE\xb2AB\x1a\
\x02\x16%k3V\xcbdm\xb5\x0aNv\xa3\xa9\x1d\
\x1bY\xabP\xdf\xd5)}?\xc7\xbeL=\x99s\xff\
\x8c\x8e\xe0\xa3M\x90F\x82e\xfd\xa6\xa6\xc9:\xe8|\
!\x1c\xb2\x0eF\x0cb\x0f5\xca\x1b\x85,\xfe\xd9m\
^\xe6\xfd\x1c\xc8Q\x0fW\xdb\x8f\xe0\xcd\xaa\xf7z!\
\xf5\x83e.YM\xa1\x91U\xbf\xca\x85#\xf6h\xfd\
\x921Z\xa6\xc6y\xacP=\x14`W\x87\xaf1?\
\x09K\xf0\x95\x03o\x1dx\xae\x1928XF\x925\
\xf6\xb5\x9f\x13\x8a\xbf\xbb\x10\x1aY\xa9\xfb9\xbe\xb8\xae\
q\x8f\xe7u\x81\xd4\x80\xde\xe9HY\xfd\xd6 \xbd;\
_\x97R.\x95\xfb\xa5(\x7f5\x13\xb8l\xcb\xe0`\
\x99I\xd6\x89\xf9\x7fU?Yd\x1e=\x93E\x07]\
\xe7\x84\xa3\x9e\xb2\x80\xd1hY\xfd\xd6\xd0\xf1\xd8s}\
b\x80e\xdf\xef\x15\x9e\x99<O\xd8\x08\x0e\x96\xa1d\
\xa5\x8d!\xcb>{\xfd\x15E\xfc\x89\x04]-v\xc5\
\xf7\xd1\xfc\xa6\xa4\x81\x1c\xd8\x22y\xfd\xd6r\xde\xd9O\
.fG\xe5\xf6\xa3m\xc1i\xa3A?X\x06\x93\xd5\
\x84P\x9b\x0e\x5c\xf4\x9d\xb1]\x82\x94\xa4\xa0\x91,p\
\xf0\x06-S\xc2g$~f\xea\x09K\x88\xf3\xaeN\
C\xcb\xa6\xe0\xb4\xd1\xe0\x1f,\xa3\xc9:e\x0cYc\
\xdb\x82\x0b\x87h\xc9=\x0a\xf8\xe8N\xfe\x94\x85\xfa\x9d\
\x88\xff\xfb9\xaa\x09+\xd7O\xe6\x08>\xd7\x04Y\xd5\
`\x1d\xbf\x86\x90K\x19\xa5C\x7f\x13\xdd~QMY\
\xfe\xef\xeaDv.@-ae\xb6\x89l\x97`?\
IvS\xab\x10\xac\xe3\xd7\x90(\x1d8\x11\xfdyt\
\x0eN\xf4R\xfe\x0fCv\xc6\xaft\xe6\x09\xa0\x5ca\
%\x96\xdc\xd5_F\xdc7\xd3\x0eY\xfd`\x1d\xbf\x86\
\xf1n!\x1c\xdas\x90K\x89\xd7\xef\x98\xb2\xfc\x9f\x96\
\xcf\xfd\xdf\xcfQ\xae\xb0\xee\xc5=3\xf2\xf1\x16H\x13\
\xc0:\xceY\xed3\x99\x9eC\x0aY\xd8\xee\xd1J\xa7\
@/\x0b1\x9f\xd2\x99\xdd!(\xf6\xb0\x1c\xb1\x99\x85\
(s\xca\x8c\x8b\xdd\x01[\x1a\x00\x96\xd6\x9c5\xf2g\
3\xc8jy\xb5\xcc\xce\xd7%\xfd\xfcRHYD:\
S\xb2d\x06\x97\xa7\xdcKh\x5cL\x8e\xb8F9\xf3\
\xb7\x04\xe7b\xf8\x0c`\x14X\x1a\xc8\x92\xa7\xce\xf8\x22\
\xeb\x87z\x84\xb8^A\xfe\x19\xd3\xf6\xc8\xa4\xe0j)\
\xcb\xaft\xa6\x81\xa9N\x09\x13\x9d\xaf\xa1\xce\xc5\xad-\
@\x86\x0f\x96Yd]\xf9\xb0\x1e!\xb6\xb3\xc8\xa2\xa1\
\xa7\xccJl\xd9y\xa53\xa7}JfT\xa7\x84\xf7\
\xe2T\xd3\xc0ErIB\x1a\x00\xd61Y\xa4\x9dE\
t\x0e\xf1e:1\xcc+r@\xcc\x97tf\xb3\x0b\
J:,.6[\xa8\x85\xad#\x12\xb4\x81e0X\
\x94\xacqY\xb3d\xc9\x85F\xc1E\xf2\x01\x5c+\xac\
\xd4\x03>\xb1\x96/e\xb1E\xee\xe7D\xe1\x01T\x84\
\xa3d\x1a Y\xdb\xab9\xd3\xf98d\x0d\x82e=\
<W\xbbd\xc5\xd6\x13\xaf\x9c\xfe\x5c~\xc4\x13\xc3\x82\
\xbb\xd5\xef\xf9\xd4yl`[(\x07_d*J\xf7\
=\xf1\xc25\xb6A\xfb\x86\xe0B\xdc\xef\x82\xacI\xb0\
\xac\xcfk\x8f,\xa2\xce\xe2\xf4\x94\xc8B\xd2\x9d\xb3\x12\
\x8bH\xe7\x91\xdf\x8c\xab+\x1c&\x07\x98\xcaj\x0eY\
\x18Dl\xf5{j\xdag\x10X\xc79+uG\x08\
\xc1\xdd~.\x17\xfa\xa97U;Jv\x9d\x89\x8e\xa7\
\x90\xafR#\x09kz\xc8E\xf8V\xa3p\xc4f\x87\
-k\x0b,J\xd6\x8d\x00d\xfdr\xd3\x04\xb2\x86.\
\x09!Z/\xba\xef\xce\x9dSZ\x8bfk\xbcd\x97\
\x19\xd66I4X\xee7\xf9\xf2s\xc1EO\x1b\xd2\
5\x0c\x96\xf5y\x00\xb2X\xdboM \xcb\xae\x1b\x17\
\x8e\xd8u%\x06{\xe0\xb9\xe0\xae>\xf8\x10\xf2\xf4\x09\
\xfaJt\x99\xa1n\x0d\x5c\xb4\xba\xdaU\xe8\x9d\x15{\
b\xf8\x11 k\x0f,r\x07 @\xce2\x82\xac\xb4\
}rW\x08q\xdf%'\xc5\xc5[\x82\x175\x9f\xa1\
\x17\xa2\x03\xa9\x92\xd9\xc4-r\x84\x89\x1e\x82\x15\xa41\
ZK`Q\xb2\xf4\xe7\xacx(d\x01g\xa6\xa8\x9c\
\x14\x07\xae#\xf8\x8e\xd8\x1d\xcc\x0d\xd6\x8d\xd5\x88\xaa*\
9w7\x0c\xf5\xf7\xddh\xde\xe9u\x1d({\xb4-\
hc4|\xb0\xcc%\xeb\x7f\xf5\xda\xe1\x90uqR\
\x88\xc9\x11;M\xb4\x0fE-\xfe\xd8XB\x11\xac\xd1\
\x9c\xbf:r\xf0\xd2\x11\xe3\x83\x90\xeeQ\x8eH\xac4\
A\xd6(X\x94,\xa9\x99\xacO\xfe\x10\x12Yr\xb1\
Q\xb8[\xde\x12\xcd\x1b\xae\x7f\xf2\x9eor'\x1cU\
k\xbfD\xeeY6\xe2;\x87\x16\xc9\x5c\xec\xb7\xd9\x92\
\xe8,\x88ym\xed\x81EsV\xad\x92\x15\xebL\x92\
\xbb\x7f\xb4\x80\x17\xa39\xff\xa4\x94\xad\xfd\x86s\x81I\
,\x92i\xe1\x8e\x1bK\x09!\xee\xa5 M\x07\xeb8\
g]\x18\xe5\xc4\x8b\x0a\xf8\xd9%t\x98:k\x97\xb0\
\x04\x16\xd9\xc8Y<\x22\x95\xf1t'\xc7\x96\x0e\xb5\xac\
bg\x08\xb2\xf6\xc1\xa2\xde\xcaz\xc9BH\x8aR.\
\x86'l*\x8bw\x0e\x1b\xe21\x04_\x02\x8b\x8c\xe6\
\xfc\xad\xd9\xb7\x13B\x08rl)\xab\xbe\x17W[l\
yt\xc0\xb2\x9e\xdd\x09@\xd6\xc9\x7f\x98\x90\xb3\xba\xee\
\x8b\xe8x3\x5cIl\x95g\xfb\x059U/\xa8\x9b\
R*\xb1r.e\xa0\xdd\xb5\xbcqn\x08\x92l\xe5\
\x9c\xa69R?XF\x92u\xd6\x08\xb2\x9a\xcfQo\
Ot\xcdfg2\xf7\x9a\x90+\xcd\x9dS)\xb2\xa6\
r]$\x00\x96\xf8a\x81u\xdd\x85\x11\xb0\x90\x8c\xf4\
\xb4\x01G\x0b,\xeb\x03\xfdd\x85\xf4\x1a\xda\xdf\x8cG\
2\x0a\x1a\x22^\xceD\xeb\x19\x96\x0b\x8ek\xd1\xa0\xb7\
/1\xb8\xfb\xeb\xe9\x12*<\xb6\xdb\x86#\xb4\xe1^\
.\xb0\x8esV8\xfd\xac\xb4=\xb0\x1b\x99j\xb3]\
\xa8\x9d\xec\x11\xfc?\x22\xe5\x998\x02\x16Y\xd1k@\
\x81\xc5D.\x1ao\xbbi\x1e\x9a\x8el\xd3\x86\xbb\xe1\
`\x1d\x93\x05L\xecG\xa6\xdd\xd5\x0e\xe6\xfb\x04\xa7{\
\x15~7\xedi\x89\xe5]\xf9\xe2\xe4\x83\xf0\x95\xb6\xa2\
qAB\xea\x01\xeb\xf85L\xb1P\xc8\xfa\xb9/\xea\
2M\x90\x90\x0f\x1a3d9\xd1\x8d\x14r\xccd\xce\
E\x02\x95X88\x14$\xf3\xfezH\xf7\xda3\x01\
\xad\xe6\xc1\xa2d\xdd\xd3M\xd6\x9b\xff\x13\x12Yk\xad\
/\x16\x01\xe9Z\xebK\x08\xfe\xab\xe2\x0f\x0aE\x96J\
\x89E\xf4}\xb3n\x81\xa8\xdd6\xc5G5\x0c\xe3-\
C\xe2\xed~\xdb?Y\x03&\x90u\xd0\x90\x9cr\xb7\
\x16\x10?\xcf\x85C\xe53\xb4\xc8\x0aRb\xa1\xe9p\
gcz\x10\xd2]`\x89\xee^\xc8\xea\x02\xeb\xbd\x9b\
\x95#\xebO5KV\xd3:\x9f\x1e\x02\xedoe\x82\
w\x02\x0a\x9d,\x95\x12\x8b\x9d\xc9,%r\xda\xaf\xc2\
\x85~\xa2p\xaf\x12\xb0\xda\xde\xbfR\xe5du|a\
\x00Y\xf5\xab\xdcUfe\xe7\xd1\x0e\xb9\x90\xa9\xd8\xc9\
\x22\x83B2}\xde\xcbHF_\x82\x14X/\x88\xc7\
h\x95\x80\xc5\xe2w\xdf\xaer\xb2\xbe1\x81\xac\xden\
\xd2\xcd\x92v\xc7]2\x8b\xf6\x14Y~\x07\x85i{\
,\xf9\x9f]\xafy\x90\x02kx\xbc\xce\x96U\x07\x96\
\x04\xd6\x7f<\xceY%\x07\xbaf\x87I\x99e\x9f|\
\x9e\xe9e\x0e\x9fd^\x85B\xc2\xf7\xa0\x10]W\xa3\
\x99+\x06k\x92\x14X\xe3\xbb\x03v\xba\x0a\xc1\x928\
1\xf2\xf7\x9b\x95#k\x95\xd5h\xcej\xde\xb8\xda\x0c\
\xba\x8b\xff\x8a\xac\xe8r\x13\xfcj\xb2\x12\x1e\x8f\x5c\xa0\
\x81g\x1a\xa3\x0d\x84\xab\xfan2\xc8\xa9&\xb0d\xfa\
T\xddwoV\x8c\xacwWX\x0d\xe5,\xba_\xd1\
]\x0f\xd2\xdf\xcal\xb1\xb6\x8ex(\x89OGT\x8f\
\xaa\x92a\x0e\x17/\xd6c \xb8=&\x83\x9c\xaa\x02\
KJ\x96\xfa\xe3_*F\xd6g5E\x16\x19\xeel\
\x12\xb99\xb0\xf5\xca\xb78B=\xfe\xa8\xf0]\xd1\x84\
\x1br.\xd3p\xbfV\x0f\xb2Wq\x9d\x0cr\xaa\x0d\
,\x89\xa6\x8f\x1f\x1e\x93U\xfapg\xfc\x8cM\xc5\xcb\
\xafno\xbdXCZ\x92`[\xbc X\xab\xaf\xab\
n\xed\x81)\xe1p\xc1W\x09qh\xd9 \x83\x9c\xea\
\x03KB\xce~PKd}\xd5\x1e\x0aY\xf33-\
\xa0\x9d\xd3\xc6W\x9eGC\xf0l\x17\xfa\xbas\x82\xa6\
n!\xb8\xe0\xe7{Au\x86\xe4\xcas5\x82%\x81\
\xfewk\x88\xac7\xde\x0f\x87\xac\xadU\xfaO\x1f[\
j\x14\xdc\xdb%EoA\x0b\x87\xbe\xb3\xb6\xb77\xca\
\x05\xa7\xfdu\xc8\xa5\x95\x0b\x90U\x0e\x96\x04[\xf9\xa8\
rdu\x9e\xf0OV\xcb\xb7\xd5O\x96\x5cl\x88\x81\
\x92\x95\x14\x5c\xf4t\xd8\x1e\x0b\x87\xbd\x02\xa6\x0d\xbd\xaf\
s\xb8\x13\xe5\xe2{\xba(\x01<\x9a\x8bCV=X\
\x12l\xe9\xd3\x8a\x91\xf5\xd6R\x80\x9c5h\x00Y\xb1\
\x07#\x00y\xc4\x9e$\x85\x10\xab\x047rb\xae\xf8\
)\xb94\xd6\x12B|\x7f\x8f\xcem\xd0\xf1\xa4\x0b\xd2\
\x00\xb0$\xd8\x83\xf7\x8e\xc9*y\xb8\xb3\xd6\x01Z\x1e\
-5\x0a1\xf9\x92\xbd&T\xd8V\xf7\xc5\xc2\xd0]\
!\xf82\xc5\x08\xa9\xc5!H#\xc0\x928q;|\
\xb2\x8c\x7f\x0d{\xe7S\x90\xaf\xd7Y\xd1Y\xd2&(\
|\xc7\xf7\x16\xed\xd5\x03O\xb8\xe0\xdd)P^G\x06\
!\x0d\x00\xeb\x98\xacr\x05R'\x9b@\xc9jh\x15\
\xc912wAl9\xa2j=j_\xde\x7f\xfd{\
PBv4C\x1a\x01V\x08d-\x9c\xaa\xd1\x9c\xd5\
.A\xc9Z\x9c\x8c\xbcf\xc5\xc6\x1a\xf2\x97X\xf7^\
\xab\xff\xcfG\x12\xabq\xbcFo;\x0c\x01+\x04\xb2\
\xde[\xacQ\xb2b\x14,\x09\xb95,h\xcb\x81\xbd\
l\x14\xf9b\x89\xbd\xd6jH\xae\xbc\xae\x0f\xbd\xd1$\
!\x0d\x00\xeb\x98\xac\xb2\x06\xbcB\x99G\xfb\xfb\xa4\xe5\
\x80\xa1]\xb5\x03:\xe8\xbd\xd4\xb8\xe4\x1dc\x03\xd2\x00\
\xb0(Y\x0f\xde\xaar\xb2\xfe\xfd\x86\xa5\x1c\xef\xbc\xdf\
\xccd\xf8\x01\xbc\xbcN6\xee\xd14\x9b\xaf\xc8zN\
E\x12\x8bS\x8b\xfa\xda\xeb\xfa\xc1\x22\xfd\xac\x0a\x92u\
;@\x05?\xf4\x9d\x0f\xb2\xde\xf8w\x95\x90uv\xd6\
=HL\xe3I\xbe\x12k\xc6\x9d\x9f08\xfb\xf4\x06\
\xa4\xb1`Q\xb2\xd6?\xab\x1cYc't\x93\xf5e\
u\x90e\xb7,\xba+p\xf6()r\xc7\x0a\xd2\xae\
i\xe3S*\xb72\x19,\x096W\xb9\xb9\xe1\xd7\x17\
O\x1d\x0d\xb2$\xe2\xf5PX[M\xcc3\xf7w@\
\x0a\x90F\x83E\xc9\xea\xd7 \x84?&\x0b*k\xab\
tU\x15\x80\xac\x1d\xb0$\xb0\xfc\xcc0\xb2\x0c\xa8\xb3\
H\x00\xa3\x115\x91_-\x81%\x81\x99\xcf+G\xd6\
\xd3\xff\xcb\xde}p5\x95~{\x1c\x7f8k\x8b{\
\x13\xb0\x04\x0e\xc4\x80\x8d:\x81X\xb0\xf7>#\xe85\
\xb9\xf6:\x8a0\xb9\xba\x1c\x18\x84\xd8\xe9`\xbd\x0a\xcb\
\xbap^\xed-\x7f\xfeS`,\x09g\x9f\x87g\x93\
\xfd}\x0d\x9f\x95<\xeb9\xc9\xf9%\xb0\xf0d\xc1\xb5\
\xe2\xdc~\xe4\xb7\xa8`!\x9d\xda}\xc5\xd8j\xaa\xb9\
\x00ey\xad;\xbf\xf8\x04\xfa,\xe0b\x86\x85\xf4\xdb\
\x93\xac\xb1U\x7f\x01\xca\xa2\xe8\xee\x8aU\xab**V\
>]V\xfc\x7f\x9e\x96=]\xb9\xb2\xa2bU\xc5\xaf\
\x0d\x8b\x1c\x16R\xe4N\xbbMY\xe5\xf9\xcb\x1a\xcb\x08\
\x96E\x18\x8b\xc7\xe3\xd5[\x9a\x9b?^kk\xbb\xb6\
\xe3j\xf3\x96\x17\xf1x\xfcH%-rXHe\x9f\
\x7f\xb4(\x0b0\xdf`mw^\xb2\x1a\x1d\x93E\xf0\
\x85<\xc2\xc5\x0e\x0b\xa9\xb4d\xc0\x9e\xac-\x89\xb0e\
\xbdZ\x02\xa89\x00\x0b\xa9v2ml\xd5Q\x0d!\
\xcbJ\xa9,G`\xa1\x17}\x96QY\xec),\x84\
\x9a\xfb*\x8b;\x855#+i,\x95*\x1cY\x0a\
\x0b\xa1\xe6e\xca\xd8\xeauC\xa1\xc8RX\x08U\xa3\
\xf6>\xb3\xde\xccOVZ\x9e,\x85\x85P\xf52\xe3\
\xb6\xac\xe8\xa4@Y\x0a\x8b\xff\x9c\xc5-\xcb\xab\x95(\
KaY\x96\xb5\xbaPd),\xbb\xb2F&B\x97\
5rDeY\x80U\x80\xb2\xde\xc7<\xd4,\xc0*\
8Yw\x80\xd0\x81\x14\x96eYK\xc2\x96\xd5Y\x0d\
\xe8B\x0a\xcb\xae\xac\xe7\x8d\x80_\x88\xef\xc1f\xea.\
\x11\xba\x90\xc2\xb2*+9\xfa\x05Y\xac\x0f\x09\x86\xae\
\x02:\x90\xc2\xb2\xfcD:5/Y\xb1\xf7\xb9\xcbz\
\x86\x84N\xa4\xb0\x10\xd6>K\xbb-+\xdeor\xad\
\xebZ\x02\xddHa!DYe\xf1\xff\xcd\xd4?\xfb\
\xd8\xe4\xda\xfd\x08\xa1f\x1f\x96}Y\x0c\xaf \x228\
\xb7\xcf\xe4\xd8\xf0!\x1f5K\xb0\xe4\xcb\xaa\x9cL\x99\
\x1c{^F\xe8H\x0a\x0b=\x8b\xb22\xf3\x90\x05G\
\xa6L\x8e\xed\xfb\xc9G\xcd>,\xa1\x9fY\xfe\xb6\xac\
\xc9\xb1\xf7\xb5\x84\x9a\x1dX\xf2eQ\xed\x88\xc9\xb1l\
\xbd\x8f\xce\xa4\xb0\xd0\xb3)klm\xbe\xb2\xfc\x96\xac\
\xc9\xb1\x8e\x1aB\x17RX\xf6?\xb3\xd2\xcf\xa2\x1e\xe6\
\x15\xd5\xf4\x9b\x1c\xfb\xf1\x92\x8f\xee\xa4\xb0\x10\xa2\x93\x03\
\xce\xca\x22xdr\xad\xbf\x91\xd0\x9d\x14\x16z\xb5\x1f\
\xdc\x95\xe5\x9fl79\x96\xd9\x9d\xb0/Ka\x09\x95\
\x05W\xef\x99\x5c\xfb\xfd\x08\xa0\xfd\x14\x96HY\xd0p\
\xcb\xe4Zr=\x10\xdaOaI\x94\x05\xf1\xdca\x99\
\xc18\xa03)\xac\x19Y\xbdn\xca\x82\xdb\xc3&\xe7\
R\x9f\x89\xd0\xfd\xca\xe9\x0b\x95\xcb\x87%J\x96\x7f|\
\xc0\xe4\xde\xd0f@\xd6\x88\x80?\x8f\xbe\x94|X\x92\
d\x11\xdc5\xf9\xd4\x8b\xc4\xfb\xd9R\xbd\x9c\xbf5\xff\
\xf5\x85\x1ah\x91\xc2B\xb2+\x0b0\x97\xa8i\xca\xe4\
S\xdf\x0e`\x85\x05\xcb\x97Z\xa9d\xd9A\x90\x00K\
\x80\xac\xb5\xc0\xfcHg\xa6\xb1\x08!c\xb0\xa5\xc2\x8e\
\xac\x1f\x96\x90\x00X\x02\xbe\x0d3c59\xc8\xa2\xd2\
\x11\x93_\xf7.\xfb\xc8\x18U=d7\xc4\xbaa!\
\x00\xd6\xcc\xad\xc3\x8fN\xc9\xf2\x8fgM\x9e\x8d\x96\x11\
'\xac\xed{\x8a\xac\xc0\xaa\xc7\xc5\x0c\x0b\xa9\xf4Q\xbb\
5Y/\xab\xe0{\xd0\x1b\xa7M\xbe]Y\xe3s\xc2\
\xa2\x9f\x96\xda\xa8\xf80\xe0b\x86\x85TfOV\xf2\
\xf9w\xdeECt'i\xf2n\xa4\x96\x90/\xf8\xb8\
\xcc\x06\xacU\xd5b`\x09\x90\x95z\x13O\x10~=\
\xffP\x97\xc9\xbfl\x8b\x8f|\xd1\xc4\x0f6`\xfdR\
Cr`\x09\x905}\xdb'\xfcZ01m\xe6\xd3\
\xeb\xb5\xc4\x08\xabtw\x91\x85#\xd6\xfeJA\xb0\x04\
\xc82=\xa7=\xc2/G\xa5\xdd)3\x9f\xda/\xfa\
\x8c\xb0\xf0\xb8\x8d\xd3\xfbi\x12\x05K\x80\xac\xbe\xbd\x95\
\x80_\x8ap}\xbb\x99_\xd3U\x84l\xc1\xd9\xe2\xf0\
]\xf1_\x8f\xf2\xc3\x92&+;\x19\xf3\xbf\xe0\x80h\
\xef\x153\xcf\xd2{}FX\xf1\xff\xb4p=:A\
\xc2`\x09\x90\x95\xec8D\x1e\xce\x89\x22[\x03\xac\xc2\
\x8eOx\xc8\x15\xad\xdd\x10\xba\xab\x92\x13\xb5\x02`1\
\xc9\x1a0\xd6\xeaz;\xe7C\x8b\x12\xd1\xb7\xfb\x82X\
}\x02\x84LQ\xe4\x5cQ\xe8g\xf7mX \xb0\x90\
J{\xd3\xc6Z\xc9\xfe\x8b5\xfe\x9f\x16\x08\xe0\xe0\xab\
\xb4\x09R\x0f\xdf\xb4i\xb9w4\xfc\xeb\xd1\xcb\x80\x05\
\x02\x0b\xa9\xd6\xa6,\xd3>\xbd7\x1e\xf1}\x00\xf0\xfd\
\xc8\x96\xcfC)\x13\xa8\xd4[ d\x0a6\xaf\x14p\
=*\x06\x16zve\x99L\xe7\xa7\xddG\xafni\
>\xb4u\xf4V\xca\x04\xads\x0b S\xd4x3\xf4\
\xeb\xd1&\x92\x0f\x8b_\x16[\xa9\xec\x83\xbe\xae\xebI\
\xc3P\xaa\x84\x88\xed\xbc\xb9\xb7(\xe4#\xd6\x7fW\x16\
\x12,\xf4\xa2\xdd\x19#\xb5[l7CD'K\x96\
\x86\xdbOTP\xb0\x10\xd6\x0a\x96\xd5\xfd\x1b!O\xb0\
cY\xc8\xd7\xa3\xb7\x01\x05\xc0b\x95u?i\x84\xf6\
\xa0-\x81<yG\xeaB\xbe\x1e]\xed\x15\x18,\x84\
\xaa\x97be\xbd\xe4:\xb8P\xed\xa6\x92P\xafG7\
\xd5\x92\x00X\xdc\xb2>\xa5\x8c\xcc\x86\x8f\xfaL\xb0p\
]Q\xa8g\xf7uXx\xb0\x10\x1a\x9fK\x95\xf5\xaa\
\x94\x90%8\xb44\xd4\x0e\x01\x16\x1e,\x84\x98TY\
\xd7O\xfa\xc8\x12T\xaf\x0a\xd3UEuA\xc2BX\
2\x22T\xd6\x9b(!G\xd4\xf4K\x98\xb0\x1e6Q\
A\xc2B8\xf2^\xa6\xac\xf6u>\x0f\xac\xca\xfdE\
!\x1e\xb1\xf6l/PX\x08\xad\xafe\xca\xea\xe0\xf9\
, :\xbd4\xbcJ\x0eP\xa1\xc2B\x88\xbf6\x12\
\x1b\xd8\xe3#Gp\xf5i\x88\xd7\xa3;\x00\x0b\x15\x16\
\xc2\x8bi#\xb1)\x9eU_\x8a\xed\x0a\x0fV\xdd\x11\
\xafpa!l\xe97\x02\xcb\x5c\x00\xe2\x80Uz\xa6\
H\xc0\xf5\xa8DX\x98\xb8:e\x04\xf6\xee\x08p\xc0\
:u\xbcH\xc0\xf5\xa8HX\xe8\x1f\x1c7\xf2b\x1a\
\x22\x87\xb6b\x01\xd7\xa32aQb\xe3;#\xafA\
\x96\xdbGh\xd8\x19\xda\xf5\xe8\x96\x02\x87\x85\xe4\xb7\xf5\
\x18q\xf1\x0c\x91S\xf4|X\xb0\xd6WQ\x81\xc3B\
\x82\xc3\x83F\x5c,C\xe4\x149V\x14\xd2\x11\xebF\
Y\xc1\xc3BJ\x1c\xed4\xe2\x9aD\xc2\xc0AX\x7f\
\xd5)9I\x0a\x0b\x09\xd6\x0c\x19i\xb1\x0c\x91\xc3\x96\
\x8a\xf0\xaeG\x15\x16\x12\x1c\xb8e\xa4\xc51DNU\
\xebC\xbc\x1eUXHp\xb2\xcf\x08\x8bc\x88\x9c\xb6\
\xdf\x08\xe5\x90Ur!J\x0akFV\xbd8Y\x0c\
C\xe4D\x07B\xba\x1e\xfdMa\xcdD\xde\xb6.#\
\xab}\xa7}\x0c\x1a\xdc^\x16\x8a\xac\xa3\x80\x0ak&\
\xa2s\xf7\x8c\xac\x18\x86\xc8i\xf5\x0f\xe1^\x8f*,\
$\xba4lD\xc50DN\xb5'J\xc2\xbd\x1eU\
X3/E\x93\x14\xc3\x109\xe1\xb6\x22~WE{\
\xcb\x14\xd6\xdf\x22\xdc*K\xd6@\xf0!r8\x5c\xcc\
\x0f\xab\xa4\x85\x14\xd6lY'\xf6\x19A1\x0c\x91C\
|\x15?\xac\xe2\x8d\x80\x0a\xeb\xefQ\xe4\xbc(Y\xe9\
\xc0C\xe4T\xf3\x1f!\x5c\x8f\xb6z\x92a\xa9,\x86\
!\xf2P^\x19y>J\x0akN\x14y\x925R\
bx-i9\xad\xe1?\xbb\x1f\x8b(\xac\x7fD\x95\
w\xe4\xc8b\x18\x22\x87\xe6\x95\xb2\xaeG-\xc0RY\
\x0cC\xe4\x14\xfb\x95\xdb\xd5\xca\xcd\xd2a\xa9\xac\xe0C\
\xe4T\xb6\x95\xfb\x90u\xb3\x91\xa4\xc3RY\x81\x87\xc8\
\x89Z\x98a\x15m-\x13\x0fKe\x05\x1f\x22\x87\x8d\
\xc5\xcc\xb0ZH>,\x95\x15x\x88\xdck\xadc\xbe\
\x1e\xbd\x06\xb8\x08`\xa9\xac{\x87\x13\x18 \x8a^(\
a\x85\xb5\xb3aq\xc0RY\x9f\x02\xbd0\x88p]\
\x11\xfb\xf5\xa8|X*+\xf0\x109\xf3+#\x8b.\
F\x16\x05,\x95\x15t\x88\x1c^T\xf0^\x8fz\xe5\
\x0a\xeb\xdb\xb2n^7\x02\x0a:DNM\x0fm^\
\x8f*,\xa4\xc8\x13\x11\xb2\x02\x0e\x913\xbf2\xf2\xd7\
\x18)\xac\xef\xcb\xdag\x04\x14l\x88\xbc\x9cN\x17Y\
\xbd\x1eUXH\x91\x13W\x8c\x80\x82\x0d\x91C\xf3\xae\
\xbaY\xfd\xbcjN\x15\xb3[9\xa7e\x7f\xab\xb8\x85\
\x14\xd6\xf7#<#@V\xc0!r*[=\xbb\xd6\
\x86\xd9U\xcfi\xf3\xec\x9a\x0f\xde\xfe[1B\x85\x95\
\x8b\xac\xfd\xc3F@\x81\x86\xc8\x89\xbcYA\x90\x08\x15\
V.\x11\x9d\xeb2\xee\x97<\x0f\x84\x82RXH\xde\
\xb6>\xe3z\x0cC\xe4\x0a\xcbv\x04-C\xc6\xf98\
\x87\xc8\x15\x96-Y\xa7;\x8d\xf31\x0e\x91+,k\
\xb2\x0e\xf5\x18\xd7c\x18\x22WX\xf6e\xb5\x8d\x1b\xb7\
c\x18\x22WX\xf6\xa3\xc4\xd5\xfe\x94q:\x86!r\
\x85e\xbf\xf2D\xb5\xf3[a\x0f\xce&PX\x0a\x0b\
\x11Z\x9d_\xced\x18\x22WX\xf6\x83\xd8\xa7\x8cq\
:\x8e!r\x85e?\xa8y6`\x9c\x8ec\x88\x5c\
a\xd9\x0fJ?g\x8d\xcb\xb1\x0c\x91+,\xfbQ\xe5\
\xf9+\xc6\xe5X\x86\xc8\x15\x96\xfd\x08/\xf5\x19\x87\xcb\
\xae\xf3Q`\x0a\x0b\xc9;0h\x1c\x8eg\x88\x5ca\
\xd9\x8f\xe0\xdat\xca8\x1b\xd3\x10\xb9\xc2\xb2\x1f%Z\
_\x0e\x18g\x9b\x8a\x11JLa!B\xed\x93>\xe3\
j\x99M T\x96\xc2B\xa2C\x1dI\xe3h\xefZ\
\x01e\xa6\xb0\x90\x12\xb1G\xf7\x8c\x8b\x05\x18\x22WX\
.\xe4\xe1\xd1\xd7i\xe3`\x01\x86\xc8\x15\x96\x0b\x91_\
s\xbe3e\x1c,\xf5\x88\x08\xa5\xa6\xb0\x10\x09\xb6t\
\x0f\x1b\x07\x1bj\x06\x94\x9b\xc2B\x82\xc8\xd1\x91\xacq\
\xad\x00C\xe4\x0a\xcb\x91\xc8\xaf\xad\xef\x180n\xc50\
D\xae\xb0\x1c\xa0\xd5\xb4g*m\x9c\x8aa\x88\x5ca\
\xb9@+\xb6{\xdc1Z3C\xe4\xbc),\xa5\xc5\
0D\xae\xb0\x5c\xa8\xdc\xfb?Z\x0e}!2\x0c\x91\
+,G\x22\xbf\xf1\xc6t\xbbq$\x86!r\x85\xe5\
H\xe5\xe47\x1d{\x9d5N\xc40D\xae\xb0\xdc\x89\
\xfch\xcb\xc8\x15\xe3B\x0cC\xe4\x0a\xcb)Z\xa5k\
F\x87S\xc6\x81\xda\x03\x0c\x91+,\x17iU\x9e\x1d\
\xebs\x80\x16\xc3\x10\xb9\xc2r*J\xe0\xc1\xde\xa1\x85\
\xa7\x95\xde\xed\xa3\x85\x14\x96\xbd\x08h\xcb\xa3\xce\x05\xa7\
\xf5\xfbj@\x0b),\xab\xb4\xbc\xea;\x83I\xb3\x80\
1\x0c\x91+,'iA\xc3\xc2\xd2b\x18\x22WX\
\xee\xd2J\x99\x85\x8aa\x88\x5ca9K+\xfey\xe1\
\x8e\xf1\x01\x86\xc8\x15\x96\xf3\xb4h\xf3d\xd7\xc2\xd1\xea\
=Eh%\x85e\x9f\x16^{y\xc5,H\x01\x86\
\xc8\x15\x96\xfbQ\xa2r\xe1~\xc0\x1cd\x88\x5ca\x09\
x\xd0s|\x81~\xc0|\xef\xb0\x8f\xf6RX\xf6i\
\xd5\xec\x9f\xca\x98\x05\xe8S\x19\xa1\xc5\x14\x96}Z\xb1\
'\xf6\xef\x1e\x82\x0e\x91+,\x01y\x10\x7ft\xcb>\
\xad`C\xe4\x0aK@\x04t\xb5\xfb\x9e\xb1\x5c\xb0!\
r\x85%\x84V\xe4\xf0\xf3}\xc6n\x81\x86\xc8\x15\x96\
\x90(Qv\xe0M\xbb\xb1Y\xfb1\x1fm\xa7\xb0\xec\
G\xfe\xdas\xfd\x19c\xb1@C\xe4\x0aK\x12\xad\xd8\
\x85\x9e\x94\xb1Vz\xaf_\x8e\xf6SX\xf6#h\xb0\
\xf9pz|\x89\x87\x1c),\x01\xb2\xa8\xf9\xd9\x03;\
\xb4\x04\x0c\x91+,NZx\xf6\xd3\x15c#AC\
\xe4\x0a\x8b!Jl?\xfd>k,$i\x88\x5ca\
1D~\xed6\x1b\x0f\xa7\x05\x0c\x91+,nZM\
7,<\x9c\x967D\xae\xb0\x18\xee\x1e\xce[\xb8{\
\x106D\xae\xb0\x18\xf2\xac\xdc=<CRX\x85\x05\
\x0b\x09hKo_\xc8\xb4\xba\xda\x12\xc8\x9c\xc2\x12@\
\xeb\xd4\xed\xeeP\xaf\xb5\x84\x0c\x91+,~Z\x91P\
\xaf\xb5d\x0e\x91+,\x86(Qy4\xc4\x9f\xd4\x08\
\x1d\x22WX\x0c\x91_\x16\xde\x8d\xa9\xa4!r\x85\xc5\
O+\xba\xae?mBI\xd4\x10\xb9\xc2\xe2\xa7Uu\
!\xac\xff\x5c\xb4\x8b\x1d\x22WX\x0c\x11\xc4?t\x85\
AK\xf8\x10\xb9\xc2b\xb8{h\x1b\xbdn\xd8\x93=\
D\xae\xb0\x18\xa2DYKG\xda\xf07\x15\xf3\x90?\
\x85%\xea\xe1\xf4\x09\xfe\xa3\x96\xfc!r\x85\xc5s\xd4\
2\xbcI\x1c\x22WX\xfc\xb2\xb0\xed9\xf7QK\xfe\
\x10\xb9\xc2b9j\x1d\xefH\xebkI\x15V(G\
-\xde\x1fk\xa5n\x02!C\x0aK\xfeQ\xebn\x1f\
'\xadw\xab=TX\x0a\x0b\xcb\x81vp\xbej2\
s\xc6GTX\x0ak\xe6\xdf<\x8c\xaf{\x98\x96\xbf\
\x0a\xa6\xb0\x98\x22\x7f\xed\xa5\xa9\xa4\xe1){\xdc\xc7\x99\
\x14\x96F\xfe\xc4z\xaeq\x9e\xe7\xdb\x09\xff\x9d\xc2\xd2\
<x\xd1\xdb\xc5B\xab\xebo\xaf\xe8VX\x1a\x01n\
d9\xc5\xaf\xf8\x19\x08\xffLai\x94\xa8\x5c\xc3\xf1\
\xc2\xf8\xa9\xaaY\xb0\x14\x96F~m}\xf0\xff\xe4g\
\x0f\xf88'\x85\xa5\xb4j\xf6\x04\xfeO~7\x11\xce\
Jai3\xff\xc9O\x9a \xf5,!\x9c\x9b\xc2\xd2\
<h\x0d\xb6\x83\x98=\xed\xe3?RX\x1a\x01T?\
\x1a\x0a@\xeb.\x10~)\x85\xa5\xb4h\xcb\x87\xf9\xcf\
\x5ct|}\xadBa)\xad\xcd\xf3~\x93\xc8\xad\x17\
\x80_Nai\x04xpr~\x9fZ\xed\xdf\xbep\
PXJ\xaby^_\x88\xa9'\x0a\xeb{\xb0\xf4\x0b\
\xf1\xee\xe3\xfciu{\x84\xdfNa)\xad\xea\xb7y\
\xdfk\x8dT*,\x85\xf5]Z\xd0z~<m\xf2\
\xa9\xa3Ta)\xac\x1ch\xf9\xb1\xfd\x1dYvX\x0a\
K#\x7f\xed\xc9\xe7\xc3)~X\x0aKimo\x9b\
\xecL\xea\x19\x8b\x1b\x96F\x09\x8a\x9f\x9f\xce\x9a\x1c\xea\
\x05\x85\x95;,\x8d\xc0\xaf9\xf0\xf2V\xd2|\xa7t\
~\xaf`SXZ9\xf9\x91-\xe7;\xae\xa4\xcc\xb7\
\x1al\x05\xcc/\x85\xa5\x11\xf8\xd1C%\xe3\xd9\xaf\xdb\
J\xde!\xc2\xbcSX\x1a\xf9\xd0xz\xf2\xf7\xaf\xd9\
z\xdf8?W\x0aK#\xf2)\xb6\xe6\xd1tW\xc6\
\xcc-\xf3>\x0e\x18 \x85\xa5\xb6 zu\xffX\x7f\
_{\xca\xfc\xd9@\xcf\x93\xa6`\xae\x14\x96F\x04>\
\xad\xdd|\xe0|\xf7\xfb\xfe\x9e\xce\xc7\x83\xe3o&\xeb\
W\x03!K\x0aKq\xf9^e4v\xe4\xc8\xea\xa6\
2\xf0=6W\x0aK#\x22\xf2\xc0#\x22\x5c\x5c\xfd\
o\xbbtL\x00\x00\x04\x00\x00\x0c\xe8_Y\x02\x1f\xc0\
\x96ab!\xd6i\x10\x0b\xb1\x10\x0b\xc4B,\xc4\x02\
\xb1\x10\x0b\xb1@,\xc4B,\x10\x0b\xb1\x10\x0b\xc4B\
,\xc4\x02\xb1\x10\x0b\xb1@,\xc4B,\x10\x0b\xb1\x10\
\xeb\x13\x88\x85X\x88\x05b!\x16b\x81X\x88\x85X\
\xbfB,\xc4B\xac\xda\x01\x01`\x06\x00\x00\x00\x00\x00\
\x00\x00\x00\x00\x00\x00\x00\x00\x00\x00\x00\x80\x06\xe6z\x98\
\xde&\xa5m\xc1\x00\x00\x00\x00IEND\xaeB`\
\x82\
\x00\x00t\x0d\
\x89\
PNG\x0d\x0a\x1a\x0a\x00\x00\x00\x0dIHDR\x00\
\x00\x02\x00\x00\x00\x02\x00\x08\x06\x00\x00\x00\xf4x\xd4\xfa\
\x00\x00\x00\x09pHYs\x00\x00\x0e\xc3\x00\x00\x0e\xc3\
\x01\xc7o\xa8d\x00\x00\x00\x19tEXtSof\
tware\x00www.inksca\
pe.org\x9b\xee<\x1a\x00\x00 \x00ID\
ATx\x9c\xec\xddy|T\xd5\xd9\x07\xf0\xdfsg\
I\xc8F\x16\x04\x12v\x91\xb0\x84d\x02\x82\xfa\xba\xb4\
\xdaj[\xab\xb5k\x80L\x80\xaa@&\x88Rw\xad\
ZM[\xdb\xaa\xb5.\x08\x92\x19D\x14I\x02\xa4\xef\
\xfb\xb6Z\xb5\xbe\xb5\xd5V\xacV\x112\x13\xa3l\x82\
\xb2\x84=\x09!\xeb,\xf7y\xffH\xb0h\x15\x92;\
w\xee\x9d\xc9<\xdf\xcf\xc7~>\x0a\xe7\x9c\xa7d\x98\
\xf3\xdcs\xce}\x0e \x84\x10B\x08!\x84\x10B\x08\
!\x84\x10B\x08!\x84\x10B\x08!\x84\x10B\x08!\
\x84\x10B\x88\xd8@f\x07 \x84\x88\x8ckWnI\
\xed\x0ct\x0c%\xc6`\x95\x94L\x22J<\xf1k\xcc\
l%\xa2\xd4\x13\xffN@k\x08\xa1cVEi\x09\
A9F\x148f\xb7\xd0\xb1g\xae\x99\xd2lN\xf4\
B\x88H\x93\x04@\x88\x18U\xb4\xac~\xa8\xd5\x1e\x9c\
\x04\xc6\x04EE\x1e\x03#\xa1`0\x18\xd9\x00\xce\x00\
\x90x\xba>z\xa9\x01\xc0N\x10v\x82\xb1\x0b\x8c\x9d\
L\xbc\x93\xad\xea\xce\xb5\xf3\xa66\xe84\x86\x10\xc2`\
\x92\x00\x08\x11\xe5\x8a\xd6\xaf\xb7$4N\x9a\xac\x92z\
\x11\xc0\x0e\x02Ob\xd0D\x00\x19f\xc7\x06\xe0\x18\x18\
\xef\x11\xd1;\xcc\xea\xbbd\xa1w*\x178\xf6\x9a\x1d\
\x94\x10\xe2\xf4$\x01\x10\x22\xca\x5c\xbdjWb0\xd8\
2=\xa4\xe2+\x04\x5c\x00\xd0\x05\x00\xa7\x99\x1dW\xef\
\xd1~\x06\xbf\xab\x10\xde&\xc6+kJ\x0b6\x83\x88\
\xcd\x8eJ\x08\xf1Y\x92\x00\x08\x11\x05f-\xdf<\xda\
\xa2(\xdfS\x89\xbeK\xcc\xe7\x03\xb0\x9b\x1d\x93^\x08\
8\xc0\xe0\x97\x01\xe5e\xbb=\xf4\x179W Dt\
\x90\x04@\x08\x93\x14\xaf\xa8+\x00\x87\xbeGL\xdf\x03\
0\xc5\xecx\x0c\x12\x04\xf0&\x98^\xb6\x92\xa5z\xb5\
+o\xb7\xd9\x01\x09\x11\xaf$\x01\x10\xc2@3\xddu\
c\x15V\xe7\x11a\x06\x80\xb1f\xc7c2\x15\x8c\xd7\
\x01<kI\xc2\x7f?7\xd7\xd1fv@B\xc4\x13\
I\x00\x84\x88\xb0\xa2\xf5\xf5v[S\xe8\xbb`\x9e\x0b\
\xc2\xe5\x00,f\xc7\x14\x85:\x00\xfc\x89\x19\xcf\x053\
\xb7\xbeT3cF\xc8\xec\x80\x84\xe8\xef$\x01\x10\x22\
Bfzjs\xadL\xf3\x19\xf81\x80\xc1f\xc7\x13\
C>f\xe6'\x06\xd8\x12W<=o\xc2q\xb3\x83\
\x11\xa2\xbf\x92\x04@\x08\x9d\x15W\xf8\xfeK!\xdc\xcd\
\xe0oC\xfe\x8e\x85\xa3\x99@\x15\x04\xff\x925\xaei\
\xfb\xcd\x0eF\x88\xfeF\xbe\x9c\x84\xd0I\xb1\xbb\xf6B\
b\xba\x03\x84+\xcd\x8e\xa5\x9f\xf1\x03X\xc7\xc4\x0fV\
\x97\x16\xd6\x9b\x1d\x8c\x10\xfd\x85$\x00B\x84\xa9\xb8\xc2\
\xfb-Rp\x0f\x18\x17\x98\x1dK?\xa7\x82\xf0\x02\x83\
\xef\x96D@\x88\xf0I\x02 \x84F\xc5\xee\xda\x0b\x89\
\xe8w`\x9ccv,q&\xc4\x8c\xa7-\x14\xb8O\
\xb6\x06\x84\xd0N\x12\x00!\xfah\xee\xf2\xdaaA\x85\
~\x03`6\xe4\xef\x90\x99\xdaA\xfc\x04uv\xfe\xba\
r\xf1y-f\x07#D\xac\x91//!z\xa9\xd4\
\xbd1\xa9\x15\xb6\xdb\x00\xdc\x0e \xc9\xecxz!\x00\
`?\x80\xc3`\x04@h\x05\xa3\x13\x84\x0e\x80[{\
~\x1d\x00\xf5\xdc)\xc06\x802\x01d\x11\x90\xc5@\
\x16\x00\x9b)\x91\xf7\x09\xedg\xf0\xbd\xc1\x8c\xad\xab\xe4\
\xf5A!zO\x12\x00!N\x87\x99J\xdc\xde\x19L\
\xf4\x10\x80\x91f\x87\xf39\xcdLT\xab\x00u\xaa\xaa\
~L\xa4\xeca\xc6^\xb6\x05?\x99\xb0g\xca\x81\xf2\
rR\xc3\xe9|\xee\xd2\x0f\xb3T\x9b\x7f\x94\xca<\x9a\
\x81\xd1D8\x13\xa0\xc9\x00\x0a\x10\x1d\x97\x11\x9d\x84\xde\
%`^\xa5\xab\xa0\xce\xecH\x84\x88\x05\x92\x00\x08q\
\x0a\xb3Vn\xcaQ\x82\x96\xa7\x00\x5cnv,\x00\x1a\
\x19\xd8\xa00\xd5BQk\x15\xa2\xda\xe7\x168v\x99\
\x15\xcc\xaceu#\x14\x0b\xe7\x13p.\x13_\x00\xe0\
\x5c\x00)f\xc5\xd3\xc3\x0f\xe0\xd7\x81\x0c\xebojf\
\xe4\xf9M\x8eE\x88\xa8&\x09\x80\x10_\xa2\xb8\xc2[\
L\x84\xa5\x002M\x0a\xa1\x0b\x8c7I\xc1\xab\x80\xfa\
\xea\xb8\x86\xc2\xf7\xc2}\xa2\x8f\xa4\x8b\xcb_\xb3\x0e\xcf\
\xce,\x08\x01_'\xc6\xb7@\xb8\x10\xe6]jT\xa7\
\xb2r\xed\xda\xb2\xfc\x8d&\x8d/D\xd4\x93\x04@\x88\
\xcf)vo\x1cD\xb0=\x09\xa0\xc8\x84\xe1\x8f\x00\xa8\
\x01\xf1\x1fS8\xf8\x86\xc75\xad\xdd\x84\x18tQ\xb4\
\xac>\xc5f\x09}\x9d\x09W\x11\xf8\xfb0~\xcb \
\xc8\xe0G\x82m\xed\xe557\x9f\xdfa\xf0\xd8BD\
=I\x00\x848\xc9l\x8f\xf7*\x95\xe1\x010\xc4\xb8\
Q\xa9\x05\xc4\x7f \xd0\xda}\x0dG\xff\xf2z\xf9%\
A\xe3\xc66F\xd1\xfaz\xbb\xa5\xc9\x7f\x99B\xca\x0c\
0\xbe\x0f \xd5\xa8\xb1\x19x\x1f\xa0\xa2jW\xc1\x16\
\xa3\xc6\x14\x22\x16H\x02 \x04\x80R\xf7F[+\xac\
\x8f\x02\xb4\xc8\xa0!\x19\x8c\xffc\x05+\x12li/\
>s\xcd\x98N\x83\xc65]\xf7\xca@p&\x80\xf9\
 \x9cg\xd0\xb0\xc7\x89yAeY\xe1:\x83\xc6\x13\
\x22\xeaI\x02 \xe2^\xd1\xb2\xfa\xa16k\xb0\x06\xc0\
\x85\x06\x0c\xd7\x06`5\x83\x96\xc8\x13)0g\xb9w\
rH\xe1\x1b\x00\x9a\x03`@\xa4\xc7#\xa2'\xfc\xe9\
\x96[\xe5\x80\xa0\x10\x92\x00\x8887\xdb\xed\x9d\xaa\x02\
\xff\x8b\xc8\xbf\xde\xd7\x00`E\xc0b]R3?\xaf\
1\xc2c\xc5\x9c\xa2\xa77\x9da\xf3[\xaf\x05\xf1b\
\x009\x11\x1e\xee=\x8b\x82\x223\xdf\xa0\x10\x22\x1aH\
\x02 \xe2V\xb1\xdb;\x9f\x80\xa5\x00\x12\x228\xccn\
\x06~\xb9\x7f\x7f\xe33\xfdqo_oE\x8f\xfcs\
\x80-9\xa5\x0c\xe0;\x11\xd9+\x94\x8f\x12cfe\
\x99\xe3\xaf\x11\x1cC\x88\xa8&\x09\x80\x88;\xa5\xee\x8d\
\xb66\xd8\x9f`\xb0+\x82\xc3\x1c\x04\xe17M\x9dI\
\x15//\x1e\xd7\x15\xc1q\xfa\xa59\xab\xbd\xc9\xc1\x0e\
\xbe\x81@\xb7!r\xafa\xfa\x99y^uY\xe1\x9a\
\x08\xf5/DT\x93\x04@\xc4\x95\x9er\xbe\xbfG\xe4\
\x0a\xfb4\x03\xf8\xade\x00\x1e\x7fn\xae\xa3-Bc\
\xc4\x8d\xabWmN\xf7\xfb\xe9^\x80\xaeGd\xca\x12\
3\x98~ZUV\xf0`\x04\xfa\x16\x22\xaaI\x02 \
\xe2F\xf7d\xa2\xbc\x80\xc8\x1d\xf6\xabaE\xb9\xa1z\
A\xfe\xc1\x08\xf5\x1f\xb7\x9c\x15\x9b\xc7\x81\x94_!r\
\xb5\x19\x9ej\xd8\xdf\xb8P\xb6iD<\x91\x04@\xc4\
\x85\xe2\x15uCHU\xff\x0c\xa00\x02\xddo#\xc6\
u\xb2\x9f\x1cy\xc5\x15\xde\xef\x10a\x19\x80\x11\x11\xe8\
\xfe\x7f\xec\xf6\xb4\x92xz%S\xc47I\x00D\xbf\
7k\xf9\xe6\xd1\x8a\xa2\xfc\x1f\x80q:w\xdd\x09\xe0\
\x81\xa6\xae\xa4\x07d\x9f\xdf8%K\xdeN\xe3\x84\xc4\
_\x03\xb4\x10\x80\xa2g\xdf\xccx#\x18\xb2~\xbbf\
Q^\xab\x9e\xfd\x0a\x11\x8d$\x01\x10\xfdZI\xc5\xa6\
IL\x96W\x00\x0c\xd7\xb9\xebM\x0c*\x91w\xf9\xcd\
S\xec\xae\xbd\x90@\xab\x01\x8c\xd1\xb9\xeb\xbf\xa7 \xf0\
\xedX.\xc3,Do\xe8\x9a=\x0b\x11Mf\xba\xeb\
\xc6\x82,\x7f\x85\xbe\x93?\x03X\xd2\xd4\x95t\xbeL\
\xfe\xe6\xaav\x15nH\xb4&8\x00\xf6\xe8\xdc\xf5W\
[a\xfb\xe3\xd5\xabv%\xea\xdc\xaf\x10QEV\x00\
D\xbf4wy\xed\xb0\xa0B\x1b\x00\x8c\xd6\xabO\x02\
\x0e0\xf1\xd5U\xa5\x85\xaf\xe8\xd5\xa7\xd0\x87\xd3\xe3\x9d\
\x05F\x05\x80\x81\xbauJx)\x90n\xfd\xbeT\x0d\
\x14\xfd\x95$\x00\xa2\xdf\x99\xbb\xf4\xc3\xac\xa0-\xf0\x0f\
\x80'\xe9\xd8\xed\xcb\x16\x15W?\xb7\xd0qH\xc7>\
\x85\x8e\x9c\x15\x9b\xc71)\xffC\xc0d\xfdz\xe5?\
\xa4 8\xc3\xe3\x9a\x16\xd0\xafO!\xa2\x83l\x01\x88\
~\xe5\xda\x95[R\x83\xb6\xc0\xcb\xbaN\xfe\xc4\x0f\xe6\
\xee/\xb8R&\xff\xe8VU6e\xbbu\x00\xce\x03\
\xb0V\xbf^\xe9{\xad\xb0=W^\xce\xf2])\xfa\
\x1dY\x01\x10\xfd\xc6\xd5\xabv%\xfa\xbbZ^\x04\xe1\
k:u\xd9E\x80\xab\xd2\xe5xV\xa7\xfe\x84AJ\
\xdc\xbe\xdb\x19\xfc\x1b\xe8\xf5\x90C\xfc`Ui\xe1\x9d\
\xba\xf4%D\x94\x90\xacV\xf4\x0b\xe5\xe5\xac\xf8\xfd-\
\x95:N\xfeG\x14\x05\x97\xc9\xe4\x1f\x9b*]\x05\x0f\
\x11c&\x80\x0e]:d\xba\xa3\xc4\xed\xfd\xb1.}\
\x09\x11%$\x01\x10\xfd\xc2\xb6l\xdf\xcf\x00\xfc@\x9f\
\xde\xe8\x03\x84\xe8\xdc5\x0b\x1co\xe8\xd3\x9f0Ce\
\x99\xe3\xf7\xcc\xf4u\x00\x87\xf5\xe8\x8f\x01w\xb1\xbb\xd6\
\x88+\xa3\x850\x84l\x01\x88\x98\xd7S\x1d\xee\x0f\xd0\
'\xa1\xdd\xcc\x08|\xa3\xda5\xed\x88\x0e}\x89(0\
g\x85wLH\xc5_\xa1O\xbd\x80\xa3\x8a\xc5z\xde\
\x9a\xf9y;t\xe8K\x08SI\x02 b\xdaLO\
m\xae\x85\xe9\x1d\xe8\xf3\xfa\xd7{\x01\x8b\xf5\x1b5\xf3\
\xf3\x1au\xe8KD\x91\xb9\xee\xfa\x91A\x04_\x85\x0e\
\xd5 \x09\xf8\xd0fW\xcf\x7f\xe6\x9a)\xcd:\x84&\
\x84id\x0b@\xc4\xackWnI\xb52\xfd\x01\xfa\
L\xfe\x1b\xa8\xab\xe3k2\xf9\xf7O\xab]y\xbbU\
k\xe8b\x80>\x08\xb7/\x06&\xfa\x03\xca3`\x96\
\x07(\x11\xd3$\x01\x10\xb1\x89\x99:B]O30\
Q\x87\xde\xfe\x91hM\xf8v\xe5\xe2\xf3Zt\xe8K\
D\xa9\xb5\xf3\xa66XT\xbe\x84\x80\x0f\xc3\xee\x8c\xf1\
\xdd\xe2\x15\xbe\x85:\x84%\x84i$\x83\x151\xa9\xe7\
5\xaf\xb0\xefpg\xc6\x1b\xc1\xf6\xb6o\xd6\xdc|\xbe\
>\xa7\xc5E\xd4\x9b\xb5\xacn\x84bU\xff\x81\xf0\xab\
Dv\x12\xe8\x9cJWA\x9d\x0ea\x09a8I\x00\
D\xcc)q\xfb\xf2\x19\xfc.\x80\x84\xf0z\xa2\x0f\x10\
\xc2\x85U\xd7\x154\xe9\x12\x98\x88\x193\xdduc-\
P\xff\x01 '\xcc\xae\xea\x03mm\xd3%\x81\x14\xb1\
H\xb6\x00DL)uo\xb41x\x15\xc2\x9e\xfc\xd1\
\x00K\xf0\xdb2\xf9\xc7\xa7u\xae\xfc\x8f,*\xbe\x09\
\xe0X\x98]\xe5\xd9\x93\x92\x1f\xd6#&!\x8c&\x09\
\x80\x88)m\xb0\xdd\x07\xe0\xec0\xbb9\x0eR\xaf\xa8\
\x9a?\xf5\x13=b\x12\xb1\xe9\xb9\x85\x8e\xf7\x991\x0b\
@0\x9c~\x98p\x9d\xb3\xc2\xf7]\x9d\xc2\x12\xc20\
\xb2\x05 b\x86sy\xed9P\xe8M\x00\xd60\xba\
\xf1\x83\xe8\x8a\xaa\xd2\x82W\xf5\x8aK\xc46\xa7\xdbW\
\x0a\xb0;\xccn\x8eX\x03\xf6\x09\xab\xaf\x9fxT\x97\
\xa0\x840\x80$\x00\x22&\x5c\xbdjW\xa2\xdf\xdf\xb2\
\x11@^8\xfd0aQu\xa9\xe3I\x9d\xc2\x8aI\
\xa5\xee\x8dI\xadl\xbf\x8c\xa1\x8e\x05\xc1\xae0v\xb1\
\xaa\xfc_<o\x878\xdd\xb5O\x00t}X\x9d\x10\
VV\x95:\xe6\xeb\x14\x92\x10\x11'\x09\x80\x88\x09\xc5\
n\xef\xc3\x04\xdc\x12N\x1fD\xa8\xae,u8\xf5\x8a\
)\xd6\x14\xad\xaf\xb7\xdb\x1aC\xb7\x83\xf8v\x00\xa9\x9f\
\xfb\xe5\x00\xc0\xee\x00\x82\xf7\xd4\xb8\xa6\x85\xbb/\x1es\
J\xdd\x1bm\xadd{\x0d\x8c\x0b\xc2\xe8\x86\x19\xfc\x95\
jW\xe1\x06\xdd\x02\x13\x22\x82$\x01\x10Qo\xe6\x8a\
\xba\x89\x16U\xf5\x02\xb0\x85\xd1\xcd6\xea\xea\x98\x1e\xaf\
\xef\xfa\x97\xba7&\xb5\x92\xf5\x0f`\xba\xecT\xbf\x8f\
\x81\xf7\xd9\x1a\xfa\xe6\xdayS\x1b\x8c\x8a-Z\x14-\
\xab\x1fj\xb5\x067\x120,\x8cn\xeaS\x10\x98\xe2\
qM\x0b\xe8\x16\x98\x10\x11\x22\x87\x00E\xd4\xb3\xaa\xea\
#\x08o\xf2o%\x0e}?^'\x7f\x00h\x85u\
\xe9\xe9&\x7f\x00 `\xb2\x12\xb2\xac\xbf\xb8\xfc\xb5p\
\xceY\xc4\xa4\x9aEy\x07@T\x02@\x0d\xa3\x9b\xbc\
6\xd8o\xd2+&!\x22I\x12\x00\x11\xd5\x8a+\xbc\
\xdfa\xe0[au\xc2XTY65\xec\x12\xb0\xb1\
\xca\xb9\xc2w6@\xd7\xf4\xba\x01\xe3\x82\x9c\x9c\xac\x99\
\x11\x0c)jU\x97\x16\xfc\x9d\x19a\x15\x98b\xf0}\
sVx\xf5\xb8xH\x88\x88\x92\x04@D\xad\xa2\xf5\
\xf5v\x22\x84\xf5\x8e5\x81\xd6T\x959V\xeb\x15S\
LRy^\x9f\xdb\xb0\x866\xfdD*\x05\xee\x03\xe8\
\xdd0\xbaH\x0a\xa9\xe1}n\x850\x82$\x00\x22j\
\xd9\x9b\x027\x00\xc8\x0d\xa3\x8bC\x96\x80\xedF\xbd\xe2\
\x89a\xe7jhsN\xbc^v\xe3qM\x0b\x80C\
%\x00\xda\xc2\xe8\xe6\xfb%\x9e\xcd\xd3\xf5\x8aI\x88H\
\x90\x04@D\xa59\xcb\xbd\x83\x19\xf4\xb3\xf0z\xa1\xeb\
\xe5\xbdl\x00\xe04\x0d\x8d\x92/\xfe\xf9\xeb\x16\xddC\
\x89\x11UeS\xb63\xf3\xbdatA\xcc\x96\xfbu\
\x0bH\x88\x08\x90\x04@D\xa5\xa0\x82\xdb\x11\xde5\xbf\
/T\xb9\x0aj\xf4\x8a'\xb6\x91\xa6'\xf9\xd1\xa3F\
\xc7\xddA\xc0\x93\x8d?\xe0x\x0c\xc0[\xda{\xe0o\
8\xdd\xb5\x97\xe8\x16\x90\x10:\x93\x04@D\x9d\xb9K\
?\xcc\x22\xc0\x15F\x17\xcdV\x95\xe5\xaaV\x11\x96\xf2\
rRYQ\xca\x00h\x7f\xa5\x8f\xe8\x97\xfaE$\x84\
\xbe$\x01\x10Q'd\xf3\xdf\x04 Ek{\x06n\
[\xbd\xb0p\x9f\x8e!\x898U\xbd \xdf\x07\xc6\xe3\
\x9a;`\x5c\xe0\xac\xf0}[\xc7\x90\x84\xd0\x8d$\x00\
\x22\xaa\x5c\xbdjs:\x03\xe1\x94d\xad\x0bfl]\
\xa5[@\x22\xee\x05(p?\x80C\x9a; \xbe?\
^\x0fT\x8a\xe8&\x09\x80\x88*]\x01Z\x8cp\xf6\
\xfe\x89o\xab\x991#\xa4_D\x22\xde\xd5\xb8\xa6\x1d\
#\xa2{\xc2\xe8bJ\x89\xc7{\xda\x22LB\x18M\
\x12\x00\x115\x8a\x96\xd5\xa7\x10\xd3b\xcd\x1d\x10\xff\xa5\
\xaa\xb4\xf0\x15\x1dC\x12\x02\x00\xe0O\xdf\xf24\x80Z\
\xad\xed\x99\xe9\x06\x1d\xc3\x11B\x17\x92\x00\x88\xa8a\xb5\
\x04J\x01dil\xae*\xaa\xf56=\xe3\x11\xe2\x84\
\x9a\x193B`\xba[s\x07\x84o\xcf~\xaa\xfe,\
\x1dC\x12\x22l\x92\x00\x88\xe8\xc0LD\x14\xc6\xc9\x7f\
~vM\xd9d\xaf~\x01\x09\xf1YUe\x05/1\
\xe3\x0d\x8d\xcd\x155\x18\x0c\xef\xbaa!t&\x09\x80\
\x88\x0aN\x8f\xf7bh\xaf\xfa\x17\x0a\xc1\xf2+\x1d\xc3\
\x11\xe2\x0b\x91B\xbf\xd0\xde\x18\xd7\x96,y[KQ\
&!\x22B\x12\x00\x11\x15\x88h\x81\xe6\xb6L\xff\xbd\
\xce\x95\xff\x91\x9e\xf1\x08\xf1E\xaaJ\x0b^\x05\xf0\x0f\
\x8d\xcdSU{\xe2\x8f\xf5\x8cG\x88pH\x02 L\
7w\xe9\x87Y\xcc\xf8\x81\xd6\xf6!\xd0o\xf5\x8cG\
\x88S!b\xcd\x9f7\x22Z\xa4g,B\x84C\x12\
\x00a\xba\x80\xb5\xeb\xc7\x00\x1246\x7fmmY\xfe\
F=\xe3\x11\xe2T*\x178^\x04H\xeb\xf5\xd2\xe3\
\xe5\x92 \x11-$\x01\x10\xa6#R4_=K$\
O\xff\xc2`D\xcc\xe0G\xb56g\xa6b=\xc3\x11\
B+I\x00\x84\xa9f\xb9\xbd\xe7\x02<Ic\xf3\xfa\
\xca\x05\xf9\x7f\xd65 !z\xa1\xb9+\xe99\x00G\
\xb4\xb5\xa6\x99\xe5\xe5,\xdf\xbd\xc2t\xf2!\x14\xa6\x22\
\xb0\xe6\xbd\x7f\x02-\x07\x11\xeb\x19\x8f\x10\xbd\xf1\xf2\xe2\
q] Z\xad\xb1y\xce\x8e!\xb5_\xd15 !\
4\x90\x04@\x98\x8a@\xdf\xd5\xd8\xd4\xaf\xc2\xbfN\xd7\
`\x84\xe8\x03%\xc8\x1e\x00\x9a\x12PU\x91m\x00a\
>I\x00\x84i\x8a=\xb5y\x00\xc6kl\xfe\xa7j\
\xd74\x8dK\xb0B\x84o\xcdu\x8e\xad\x00\xde\xd4\xd6\
\x9a\x8a\x8a\xd6\xd7\xdbu\x0dH\x88>\x92\x04@\x98\x86\
X\xf3\xd3?\xc0\x9a\x97_\x85\xd0\x0d\x11k\xbdy2\
\xc3\xda\x18\xfc\x9a\xae\xc1\x08\xd1G\x92\x00\x083i\xdd\
\xff?\x9cB\xfe\x97t\x8dD\x08\x0dl6\xfe\x1f\x00\
]Z\xda\x12\xf17t\x0eG\x88>\x91\x04@\x98b\
\xee\xf2\xdaa\x00\xa6jj\xcc\xa8\xf2\xb8\xa6\x05\xf4\x8d\
H\x88\xbe{\xe6\x9a)\xcd`\xfcE[k\xbaT\xdf\
h\x84\xe8\x1bI\x00\x84)\x82\x8ar\x05\x00\xd2\xd2\x96\
X\xad\xd19\x1c!4c\xb0\xd6\xc3\xa8\x93g\xbb7\
f\xeb\x1a\x8c\x10} \x09\x800\x05\x01\x17il\xda\
\xb4\xef`\xf3\xbft\x0dF\x880\x04)\xf8\x02\x00-\
+R\x14b\xeb\xd7\xf5\x8eG\x88\xde\x92\x04@\x98\x82\
\xc1Z\x13\x80W^/\xbf$\xa8k0B\x84\xa1\xc6\
5\xed\x18\x80\xb7\xb4\xb4%@\x12\x00a\x1aI\x00\x84\
\xe1z\xf6\xffGij\xccxY\xdfh\x84\x08\x1f\x83\
5}.\x99\xe82\xbdc\x11\xa2\xb7$\x01\x10\x86\x0b\
\x10i\xad\x82\xa6\xb2EyE\xd7`\x84\xd0\x83b\xd1\
\xf4V\x0a\x01\xc3f?\xe9\xd5Z\x0bC\x88\xb0H\x02\
 \x0c\xa7\x00\x17jl\xba\xb9zA\xfeA]\x83\x11\
B\x07\xd5\xf3'\xd7\x11p@K[\xd5J\xd3\xf4\x8e\
G\x88\xde\x90\x04@\x18\x8eIc\x02@\xfc\xaa\xce\xa1\
\x08\xa1\x0f\x22f\xadU\x01U.\xd49\x1a!zE\
\x12\x00a\xa8\xa2e\xf5)\x00&kj\xac\xe2\x1d}\
\xa3\x11BO\xa4-\x01 L\xd19\x10!zE\x12\
\x00a(\xbb\xcd?\x11\x1a?wd!I\x00D\xd4\
\x22\x0am\xd0\xd8TV\x00\x84)$\x01\x10\x86bU\
\x99\xa8\xa5\x1d\x01\x07*\x178\xf6\xea\x1d\x8f\x10zI\
\xe6P-\x80\x0e\x0dM\xb3f-\xab\x1b\xa1w<B\
\x9c\x8e$\x00\xc2PD\xa4)\x01P!\xcb\xff\x22\xba\
\xf5\x94\xa7\xae\xd7\xd2\xd6jSe\x1b@\x18N\x12\x00\
a(&\xd6\xb6\x02\xc0\xf4\xae\xde\xb1\x08\xa1?\xae\xd3\
\xd2*\x049\x08(\x8c'\x09\x800\x16c\x92\xc6\x96\
\x9bt\x8dC\x88\x08 \x90OK;\x85\x95qz\xc7\
\x22\xc4\xe9H\x02 \x0cs\xf9\x92\xed\x09\x00\xce\xd4\xd6\
:\xb4]\xd7`\x84\x88\x00U\x81\xa6\x04@%\x0c\xd7\
;\x16!NG\x12\x00a\x98\xf4\xc4\xb6\xb3\x00X4\
4\x0d\x052\xed\x9f\xe8\x1d\x8f\x10z\xb3\xa9\xd6\x1dZ\
\xda\x11\xb3\x1c\x02\x14\x86\x93\x04@\x18G\xb5\xe4hl\
\xb9\xaffF\x9e_\xd7X\x84\x88\x80\x8e\x8c\xfa}\x00\
\xb4|V\x87\x83Y\xd3\xf5\xd8Bh%\x09\x800\x0c\
)<XK;&\xda\xa9w,BDB\xcd\x8c\x19\
!\x00{44M\x98S\xe1;C\xefx\x848\x15\
I\x00\x84aXU\x87hiG\xac\xee\xd2;\x16!\
\x22\xe8c-\x8dBV\x92m\x00a(I\x00\x84a\
\x14R\xb4>\xe1H\x02 b\x06\x03\x9a\x0aV\xb1\x0a\
I\x00\x84\xa1$\x01\x10\x86Q\x01M[\x00\xc48\xac\
w,BD\xd0\x11-\x8d\x08\x9c\xadw B\x9c\x8a\
\xd5\xec\x00D\xfcP\x80!\xac\xa1\x1d+\xd4\xac{0\
a\x98\xb3\xda\x9b\x1c\xea\xc4Bb\xfc\x88\xbb/6J\
6;\xa6H\xf0\xfb[:\x9cn\xaf\xd9a\x9cJ'\
\x03;\x08x\xde\xa2\xe2\xf1\xe7\x16:\x0e\x99\x1d\x10\x00\
(\x84\xa3\xac\xe5\x83N\xfd\xf3s$\xa2\x97\xac\x00\x08\
\xc30\xb1\xb6-\x00\x95Zt\x0eE\xb3Yn\xef\xb9\
\xc1\x0el\x05\xe3\xb7\x0c\x9c\x8b~:\xf9\xc7\x88D\xea\
N\xc0\xee\x0a)\xb4\xddYQ\xfb\x03\xb3\x03\xeaF\x9a\
V\x00\x18\x9c\xa4w$B\x9c\x8a$\x00\xc20\xcc\xd0\
\xf4\x05G\x1c:\xa6w,Z8=\x9b\x0b\x15\xe0\xaf\
\x04\x0c3;\x16\xf1y\x9c\x06\xa2\xdf\x17{jg\x98\
\x1d\x89\x0an\xd4\xd2Nae\x80\xde\xb1\x08q*\x92\
\x00\x08\xc3\x90\xc6-'\xd5b\xfe\x16@\xd1\xfa\xf5\x16\
\xb0\xb2\x06\xf2\xc4\x1f\xcd\x88\x98*\x8a\x9e\xaa\xcf43\
\x08f\xb5S[;\x96\x04@\x18J\x12\x00a \xd6\
\x94\x00(D\xa6\xaf\x00\xd8\x9bs\xaf\x02\x90gv\x1c\
\xe2\xb42\xac\xa1\xe0B3\x03P\xc8\xd2\xa5\xa5\x1dC\
\xdb\x0a\x99\x10ZI\x02 \x0cD\xda\x12\x80\xa0\xa6\xca\
j\xbab\xd0\x15f\xc7 z\x87\x00S\x7fV\x0a\xb1\
\xa6\x04\x80\xe4\x10\xa00\x98$\x00\xc2H\x9a\x12\x00V\
\x02Z\xee\x0f\xd0\x17k\xbd\xc4H\x98\xc0\xd4\x9f\x95\x1a\
\xd4\x96\x000\x93l\x01\x08CI\x02 \x0c\xa3\xf5\x0c\
@0\x98\x10\x0d\xaf\xab\x86\xcc\x0e@\xf4\x9a\xa9?+\
&ES\xc2J`\xc7\x5cw\xfdH\xbd\xe3\x11\xe2\xcb\
H\x02 \x22\xae\xbc\x9c\x15\xa7\xdbW\xc4\xc0 -\xed\
mv\xd5\xfc\x04\x80\xa0\xe9\x967a\x0aS\x7fV\xa4\
(i\xda\x1a\xe2\xcc \x82\xdb\x9d\x1e\xefS\xb3\x9f\xaa\
?K\xe7\xb0\x84\xf8\x0f\x92\x00\x88\x88)uo\xb49\
+\xbcs\xb7g\xfb\xde\x07x=4\xae\x00\x84B\xe6\
'\x00\xac\xe2\x8ff\xc7 z\x87\x99M\xfdY\x11\xd4\
\x0b\xc3hn\x07c\x9e\x1a\x0anuVx_\x98\xb5\
\xbcv\x8an\x81\x09\xf19\x92\x00\x08\xdd\x15\xad\xaf\xb7\
;+\xbcs[a\xfd\x00\x84g\x19\x98\x18N\x7f!\
\x8b\xd5\xf4\x04\xa0\xdaU\xf0\x0a\x01\xff2;\x0eq:\
\xb4?\x18\xb2y\xcc\x8c@\x05O\xd5\xa1\x1b\x05\x84+\
\x15\x85\xdesVx_(\xf1l\x9e\xaeC\x9fB|\
\x86$\x00B7E\xcb\xeaS\x9c\x1e\xef\xad\xf6\xa6\xe0\
' <\x0b\x90.\xcb\x98\x14\x0c%\xea\xd1OxA\
\x10\x07\xa1\x94\x008jv(\xe2K\xf9\x99P\x5c\xb3\
(\xaf\xd5\xcc \x14\xa6,\x1d\xbb#\x10\xaedV\xfe\
\xe5\xac\xf0\xbeP\xb2\xc2{\x9e\x8e}\x8b8'\x09\x80\
\x08[\xd1S\xf5\x99N\xb7\xf7>\x9b5\xf8IO\x89\
\xdc\xa1z\xf6Od\xd1tv@o\xeb\x5c\xf9\x1f)\
!\x5c\x00\xa0\xde\xecX\xc4\x7fh\x00\xd3e\xd5\xa5\x05\
\x7f7;\x10&\x0eF\xa0\xdb\xeeD@\xc5[N\xb7\
\xf7/\xc5\x1e\xdfW#0\x86\x883\xa6/\xad\x8a\xd8\
U\xbc\xa2n\x08\xd4\xd0\xcd\xd4]x%5r#\x85\
\x86D\xae\xef\xbeYs\x9dc\xeb\xc5\xe5\xaf\x15\xe6\x0c\
\xcdt\x82\xf0#\x00\x93\x00\x98Zy\xeet\x08\x18\xc8\
Z\x92}B3\x18Z\xae\xb51\xcaq\x00\xdb\x00\xbc\
`\x19\x80\x95\xcf\xcd-h3; \x00\x00\xe3`\x84\
G\xb8\x94\x98/u\xba\xbd\x1b@|\x7fUi\xe1+\
\x11\x1eO\xf4S\x92\x00\x88>s>\xb5i\x14B\xca\
\xadP\xd5y@\xe4\xdf]V\x08Q\x93\x00\x00\xc0\xeb\
\xe5\x97\x04\x01\xac\xee\xf9'\xea9\xdd\xde\x1d\x00\xc6\xf6\
\xb5\x9d\xdd\x96\x96\xfd\xcc5c4\x95\xb5\x8dk\x8a\xd2\
\x08U5b\xa4\x0b\xc1\xf4g\xa7\xdb\xf7.\x18\xbf\xaa\
r\xe5?\x0f\xa2hN\xd8D\x94\x91\x04@\xf4\xdaL\
Om\xae\x85q'B4\x1b\x80\xcd\xa8qU`\xb0\
Qc\x09\x11654\x08 \x03\x07\xe4\xe9 \xfc\xc1\
\xe9\xf1\xf9\xa8\xa2\xf6\xd7\xe3\x0e8j\xca\xcb\xc9\x90\x0c\
D\xc469\x03 Nkv\xc5\xfb\x0e\xa7\xdb\xbb\xd6\
\xc2\xf4!@\xd7\xc0\xc0\xc9\xbf\x1bE\xd5\x0a\x80\x10\xa7\
\xa6\x98u[d\x01\x13\xad\xdd\x96\xed\xfb\xc0Y\xe1\x9d\
{q\xf9k\xf2\x80'NI> \xe2K\x15W\xf8\
\xfe\x8b\xc0w\xa9\x14\xba\x02\xc6>\xd2|\x06\xb1\xbe\x87\
\x0a\x85\x88$\x02\x8f0y\x1d~<\x08\xcf\xe6dg\
\x96;\xdd\xbe\x07\x02\x19\x96gjf\xe4\x99~\x9f\x86\
\x88>\x92\x00\x88\xffPR\xe1\xfd:\x03w\x81\xf8k\
f\xc7\x02\x00 HU4\x11\x13._\xb2=\x81\xd1\
\x1e-+Vc\x00v\xdb\x9a\x82?s\xba\xbd\xbf\x0d\
\xb4\xb5\xad\xa8\xb9\xf9\xfc\x0e\xb3\x83\x12\xd1C\xb6\x00D\
7f*\xae\xf0~\xc7Y\xe1}\x8b\x09\xaf\x82\x10\x1d\
\x93\x7f\xb71\xa5\xee\x8drU\xaa\x88z\x83\x06\xb4\xe7\
\xc0\xc4\xd5\xb2/1\x1c\xc0\xe3\xb6\xe4\xe4]\xc5n\xef\
mE\xcb\xeaS\xcc\x0eHD\x07I\x00\xe2\x5cy9\
+\xc5\x15\xde\xef8=\xbew\x89\xf0<\x08\xd1Xh\
Di%K\xae\xd9A\x08q:*s\x9e\xd91\x9c\
\xc2\x10\x02\x1e\xb2YC\xfb\x9c\x9e\xda\x07\x9cO\xfa2\
\xcc\x0eH\x98K\xb6\x00\xe2T\xa9{\xa3\xad\x95m\xc5\
\xdb\xc8\xf7S\x02&\x98\x1d\xcf\xe9\x10[&\x01\xa85\
;\x0e!N\x85\x191P\xbb\x9f\xd3\xc0t\x07,\xbc\
\xc8\xe9\xf6>\x1d\x08Z\x7fS\xb3(\xef\x80\xd9Q\x09\
\xe3I\x02\x10g._\xb2=!\xc3\xde>\xb3\x15\xb8\
\x17\xd4\xf7w\xc3\xc3F`\xb0\x96%R\x9e\xa4\x7f0\
B\xe8\x8b\x89\x0a\xb4\xbc\x89OL\xeb\x99\xd8\x01`\xbc\
\xeeA}\xb9\x14\x00\x8bm\xd6\xe0<\xa7\xdb\xbb\xd2\xaa\
\xf2C\xab\x17\x16\xee3p|a2\xd9\x02\x88\x13=\
u\xfa\x7f\x92\x91\xd0\xbe\xb3\xbbN\xbf\xe1\x93\x7f\x00\xc0\
s\xcc\xda\x8a\xe7\xa8L\x92\x00\x88\xa8G\xcc\x85Z\xda\
1\xf0l\xee\xfe\x82I\xcc\xb8\x0a\xc0&\x9d\xc3:\x9d\
d\x00\x8b\x83\x0a\xedt\xba\xbd\xab\xe5*\xe2\xf8!\x09\
@?7w\xe9\x87YN\xb7\xb7\xbc\xa7N\xffc\x00\
r\x0c\x0e\xc1\x0f\xe09\xc5b\x9dT\xe5r\xcc%\xc6\
\xdf4\xf5B|\x8e\xbea\x09\xa1\xaf\x92%o\xa7\x01\
\xa4)\xb1&\x0b\xfb\xca\xcbI\xad.s\xbcPUZ\
0\x8d\x19W\x81\xf0\x8e\xde1\x9e\x86\x1d\xc0\x1c5\x14\
\xfc\xc0\xe9\xf6\xae\x9e\xfd\xa4\xd7\xc8\xd5\x08a\x02\xd9\x02\
\xe8\xa7\xe6,\xf7\x0e\x0e)\xb8.\x08\xff\x8d\x00\x06\x9a\
\x10B+\x80\xa7?\xbf\xac\xc8D\xef\x90\x86\xf2\xf2\x04\
\x0c\x9b\xb5|\xf3\xe8\xb5\x0b\xa7|\xacc\x8cB\xe8\x86\
\xedI\x85\x00ky\x03\xa0\xa9r\x81c\xef\xa7\xffF\
\xc4\xd5\xc0\x0b\x00^(v\xd7^HL?7\xf8\xad\
\x1c\x1b\x809\xaa\x05%\xce\x0a\xefK*\xf3\xbdk\x17\
\x16n6p|a\x10I\x00\xfa\x99\xee:\xfd\x96\x9b\
C\xc0\x02\x00\x11\xaf\xd3\xff\x9f\xa8\x05\xa4.\x0f(\xb6\
\x87j\xe6\xe75~\xfeW\xc7\xef\xcf\xdf\xb6-\xdbw\
\x0c\x1a\x92\x12\xc5B\x17\x01\xf8X\x87 \x85\xd0\x1d\x13\
\x9f\xab\xf1\xfd\xbf\xba/\xfb\x85jW\xe1\x06\x00_\xef\
I\x04\xee\x00\xe1J\x8d\xe1i\xa1\x80p\xa5Bt\x85\
\xb3\xc2\xfb\x22)\xea/*K\xa7\xbck\xe0\xf8\x22\xc2\
d\x0b\xa0\x9f\x98\xe9\xae\x1b\xebt\xd7\xba\x11\xb2l\x07\
\xb0\x18\xc6O\xfe\x87\x01\xfc\xdcn\x0f\x8d\xaa*-\xbc\
\xf3\x8b&\x7f\x00(/'\x15\x8c\xf74\x8d\xc0\xb80\
\x9c\x00\x85\x88$\x02]\xaa\xad%\x9f\xf6\xefC\xb5\xab\
pCU\x99\xe3;\xaa\xcaS\x01\xd4\x00\x86\xde\xd2\xd8\
}\x151+\xef8\xdd\xde\xbf\x94\xac\xf0F\xe3\xab\xc2\
B\x03Y\x01\x88q\xc5+\xea\x0aHUo\x05T'\
@\x16\x13B\xd8\x0d\xc2#)\x1cX\xe1qMk\xef\
M\x03\x22z\x87\xa1\xa5\xca\xa0\x22\x09\x80\x88JE\xeb\
\xeb\xedh\x0a^\xa0\xa91cCo\x7fk\xcfR\xfc\
\x8c\x12\xb7/\x9f\xc1\xb7\x01p\x020\xf2\xef\xfd\xa5\xac\
\xe2R\xa7\xc7\xfb&\xabx\xb0\xba\xcc\xf1\x82\x81c\x0b\
\x9dI\x02\x10\xa3J\x96o\xbe\x80I\xb9\x13\xaajV\
\x9d\xfe\x9d ,i\xeaL\xaaxy\xf1\xb8\xae\xbe4\
dV\xdf\x05i\x09\x99'\x16\xbb7\x0e\xaavM;\
\xa2\xa1\xb1\x10\x11ck\x0a\x5c\x00P\xb2\x96\xb6\x81\x90\
\xed\x9f}mS\xe9*\xa8\x030w\xa6\xbb\xee\xe7\x16\
\x84n\x07\xe8Z\x18\xf9}\xce\xb8\x80\x08\xcf\x7f\x9a\x08\
\xb8\x0a\xfe$W\x11\xc7\x1eI\x00b\xcc\x89\xbd@6\
v/\xf0du`<\xdcp\xa0\xb1\xea\xf5\xf2K\x82\
Z:PC\x96w\x15\xab\xa6\xdbJI\x81\xfd\x1b\x00\
\xaa\xb44\x16\x22r4/\xff\xef\x08\xa7\x08\xcf:W\
\xfeG\x00\x5c\xb3\x96o\xfe\x8d\xa2(7\x01(\x05\x90\
\xa8\xb5\xbf>\xebI\x04\x8a=^/Ux\x1f\xc9=\
P\xb0F\xae\x22\x8e\x1dr\x06 \x16\xf4\xd4\xe9/q\
{\xdf&\xd0\x1b\x06\x1f\x04:a3@3\xaaJ\x0b\
\x1cUe\x8e\xd5Z'\x7f\x00X\xbb(\x7f\x0f\x80\x9d\
Z\xda\xaa\xc4\xdf\xd7:\xae\x10\x91B\xc0\xd7\xb55\xa4\
>?\xfd\x7f\x91\xb5\x0b\xa7|\x5c\xe5r\xfc\x84\x15e\
4\x88\x1f\x04\xd0\xab\xed8\xbd\x10\xc8\x01\xc2\xb3[\xb3\
}^g\x85wn\xd1\xfa\xf5flG\x8a>\x92\x04\
 \x8a\x9dT\xa7\x7f#\x11\x9eg\xe0\x5c\xc3\x83 \xbc\
\xc9\x8c\xab\xaa\x5c\x8e\xa9U\xae\x82\x1a\xfd\x96\xf9\xf8%\
M\xe10\xbeu\xf5\xaa]\xc6=\xe1\x08q\x1as\x96\
{\x0730MSc\x15\x7f\xd53\x96\xea\x05\xf9\x07\
\xabJ\x0b\xef\x0c\xd8B\xa3\x01\xfc\x1c\xc01=\xfb?\
\x1d\x02&\x83\xf0\xac\xadi\xfc6\xa7\xdbWzq\xf9\
k\xb2\xca\x1c\xc5$\x01\x88BE\xeb\xeb\xed\xce\x0a\xef\
\xdcm\xd9\xbe\x0f\x88\xf0<\x80\xa9&\x84\xf1*3\x9d\
_U\xea\xb80\x22\x07}XyYc\xcb\x94\xae\xae\
\x96\xcbt\x8dE\x880\x84\x14\x9a\x01m\x07\xf1\x98-\
\xca+z\xc7\x03\x005\xd7N=\x5c\xe5r\x94SW\
\xc7H0\xdd\x09\xe0\x0b\xdf\xca\x89\xa03\x01v\xe7d\
g\xeepz\xbc?\x91\xa4=:I\x02\x10E._\
\xb2=\xc1\xe9\xf6\x95\xda\x9a\x82;z\xca\xf5\x1a]\x89\
K\x05\xe3O*+\xd3\xab\x5c\x8e\xcb\xaa\xcb\x0a\xde\x8a\
\xd4@\x81\xf6\xd6\xd7\xa0q\x99\x92d\x1b@D\x11\x82\
Z\xac\xb1\xe9\xa6\xea\x05\xf9\x07u\x0d\xe6s*\x17\x9f\
\xd7RUV\xf0` h\x1d\x05\xc2\x8d\x00\xed\x8f\xe4\
x_`\x14\x18\x8f\xf9\xfd-\x1f;+|w\xc8\xb5\
\xde\xd1%\xda\xee\xad\x8eK\xd7\xae\xdc\x92\xda\x19\xea\xba\
\x16Lw\x00\x9cmB\x08\x01\x00k\x19\xf4\xebjW\
\xc1\x16\xa3\x06u\xba\xbd/\x01\xb8\x5cC\xd3#\x0d\xfb\
\x1b\xb3\xc39\x87\x10O\x9cn\xef\x0eh\xb8\xfb\xc1n\
O\x1b\xf0\xcc5c:#\x10R\xbf\xd1Sxk\x17\
4|\x97\x12\xf0\xabJ\x97\xe3\x9e\x08\x84\xf5\xa5._\
\xb2=!#\xa1\xe3\xc7\x00\xff\x0c\xc0p#\xc7\xeeq\
\x18\xc0\x93\x01\x04\x1e\xadqM3t{B\xfc'\xd9\
\x9f1Q\xb1{\xe3 \x82\xed\xfa\xce`\xd7b\x00\x19\
\xc6\xd6\xf6\x00\x00t\x01X\xafX\xac\xbfX3?o\
\x87\xd1\x833\xf3\xcbD\xa4%\x01\x184,'\xe3[\
\x00\xfe\xa4wLB\xf4I\xd0:\x0b\xa4\xa9\xfc/\xa0\
\xaaZ\xb7\xc14\xebye\xd7S\xb4\xbe\xfe\x19[c\
p\x16\x08\xf7\x00\x18g`\x08g\x00\xb8\xcf\x06\xfbM\
NO\xedr\x04\x95\x07\xab\xae+h2p|q\x12\
I\x00LP\xbc\xa2n\x08\xa9\xeaB\x80n\x028\xcd\
\x84\x10Z\x01<\xadZC\x0f\xae\x9d7\xb5\xc1\x84\xf1\
\x01\x00\xa4*/\xc2\xc2K\xb4\xb4e\xd0|H\x02 \
\xccF\xec\xd4\xd8p\xff\xb8\x83\x85\x11\xdbb;\x9d\x9a\
\x19y~\x00\xabK\xdd\x1b\xab[\xd9V\x0c\xc2O\x01\
L0.\x02N\x03\xd3\x1d\xb0\xf0\x22\xa7\xdb\xfbt \
h\xfdM8\xafC\x0amd\x0b\xc0@\xb3\x96o\x1e\
m\xca\xbb\xba\x9f:u\x9d~38\xdd^\x1f\x80|\
\x0dM\x83V\x95G\xcb\xfd\xe5\xa7'[\x00\x91\xe1\xf4\
l.\x04+\xda.\xc9a<^U\xe6\xb8Q\xe7\x90\
4+/ge\xebP\xdf\x15D\xb8\x0f\xc0\xd9&\x84\
\xd0\x06`\xe5\xe7/\x0f\x13\x91%+\x00\x06(\xf6\xd4\
\xe6\x11\xd3\x1d\x00\x8aa\xce\x9f\xf9!\x00\xcb\x03\xf0?\
ZS\x1ae\xfbn\x84\xd5`\xfcVCKkP\xc1\
\xb5\x00~\xa9wHB\xf4\x0a\xd3b\xcdMA\xeb\xf4\
\x0c%\x5c=\xc5{^\x00\xf3\x9f\x8a\xdd\xbe+\x15\xc2\
\xdd\x06\xbfv\x9c\x0c`qP\xa12\xa7\xdb\xbb\xce\xac\
m\xc9x#+\x00\x114\xbb\xe2}\x87J\xa1[`\
|\xbd\xee\x13>\x01\xe1\xd1@k\x9b\xa7\xe6\xe6\xf3;\
L\x18\xff\xb4z\xb6C\xf6B[b\xb4'\x90\xb1u\
L\xcd\x8c\x19!\xbd\xe3\xeaOd\x05@\x7f=\xe7w\
\xf6@\xdbJ\xde\x9e\xaa\xd2\x82Q\xd1^:\xb7\xd8]\
{!\x81\xca\xa1\xb5\xc8Qx\x02\x00\xd6*!\xfcj\
\xcdu\x8e\xad&\x8c\x1f\x17\xe45\xc0\x08(v\xd7^\
\xe8\xac\xf0\xbe\xa0Rh3\x8090~\xf2\xdf\x09\xc2\
\x8dM]I\xe3\xabJ\x1d\x8fG\xeb\xe4\x0ft\x17.\
\x01\xe1\xff46\x1fao\x9e\xf0\x0d]\x03\x12\xa2\x17\
\x086\xcd\xdbx\x0c\xae\x8e\xf6\xc9\x1f\xe8\xb9\x81\xd0\xe5\
\xb8\x94\xc1\x17\x81\xf1'\x18{J\xd9\x06`\x8ej\xc1\
\x07\xce\x0a\xef\x0b\xb3\x96\xd7N1p\xec\xb8![\x00\
:\xfaL\xc6l\xce\xdaJ\x1d\x18\x0f\x072\xb7V\xc6\
\xd2S1\xa9\xbc\x9a\x89\xbe\xad\xa5-\xab|+\x00\xc3\
OS\x8b\xf8\xd5S\xddn\xa1\xd6\xf6\xaabyF\xbf\
h\x22\xaf\xdaU\xb8\x01\xc0\x86\x9e3\x0fw\x01\xf8\x11\
\x8c[=V@\xb8R!\xba\xc2Y\xe1}\x91\x14\xf5\
\x17\x95\xa5S\xde5h\xec~O\xb6\x00\xc2\xc5L\xc5\
n\xdf\x95\xa4\xe0\x1e0\xce1#\x04\x02\xffSez\
 Vo\xe4\xbaz\xd5\xaeD\xbf\xbf\xa5\x01@\x86\x96\
\xf6\x0c\xbe\xa8\xe7KJ|\x01\xd9\x02\xd0WIE\xed\
L&Z\xab\xb1\xf9\xdf\xab\x5c\x8e\x8b\xf5\x8c\xc7hs\
\x96{'\x87\x14\xdc\x0e\xf3\xb66_%\x05?\xab\x5c\
\xe0x\xdb\x84\xb1\xfb\x15\xd9\x02\xd0\xa8\xbc\x9c\x15\xa7\xdb\
W\xe4\xf4\xd4\xbdO\x84\xe7M\x99\xfc{\xea\xf4W\xba\
\x0a/\xa8.s\xbc\x10\x8b\x93?\x00<s\xcd\x98N\
\x02\xad\xd7\xda\x9e@w\xe9\x19\x8f\x10_\x8a\x99\x98\xe8\
\x0e\xed\xcd\xf9)=\xc31\xc3s\x0b\x1d\xefW\xb9\x1c\
s\x11\xa2\x5c\x80=\xe8\xde\xaf7\xd2\xa5\xac\xe2-\xa7\
\xc7\xbb\xa1\xb8\xc2\xfb\x1d\x83\xc7\xeeWd\x05\xa0\x8f\x8a\
\xd6\xd7\xdb{\x0ah\xdc\x0d \xd7\x84\x10\x18\x8c\x17\xc9\
\x82_\xf5\xa7\x0cxVE\xdd4\x85T\xcdK{*\
+\xd3\xd7\x96\xe5o\xd43\xa6\xfeBV\x00\xf4\xe3t\
\xfb\x8a\x00\xd6\x9a\xac6\x05\xda\xda\x86E\xf3\x99\x1c-\
z\xaa!\xde\x0c`\x01\x80\x01\x86\x07@x\x93U<\
\x18\xab+\xa0f\x92\x04\xa0\x97\xe6\xac\xf6&\x87:1\
\x1f\x8c[aN\x09M\x15\x8c\x97`\xa1\xf2\xaa\x05\x05\
\xef\x99\xb0\x89\x0b\xa6\x00\x00 \x00IDAT0~\
\xc4\x15{|\xaf\x11\xf3\xc5Z\xda2\xd3\xffV\x97\x15\
\xfc@\xe7\x90\xfa\x05I\x00\xf4Q\xb4~\xbd\xc5\xde4\
\xbe\x8e\x81\x89Z\xda3\xf8\xa1jW\xa1\xe6\xd5\x83h\
W\xbc\xa2n\x08q\xe8&0\xdd\x00\xc0\xf0\x9a\xff\x0c\
\xf6\x12\xd3#\xb9\x07\x0a\xd6\xf4\xbc\xd6(NC\xb6\x00\
N\xe3\xda\x95[R\x9d\x1e\xefO\xd4\x0e\xec\x00\xe31\
\x18?\xf9\x07\x00<\xa7\x840\xa9\xaa\xcc\xf1\x9d\xfe:\
\xf9\x03\x00\xa9\x9a\xea\x01t\xb7%\xfe\x9e\xd3\xb3\xb9P\
\xcfx\x848\x99\xady\xc2\x1c\xad\x93?\x80\x80\xa2\xd0\
\x13\xba\x06\x14eN\x5cE\xcc\x08\x8cB\xf7U\xc4\xcd\
F\x8eO \x07\x08\xcfn\xcd\xf6y\x9d\x15\xde\xb9E\
\xeb\xd7\x9bq>!\xa6\xc8\x0a\xc0\x978Q\xa7\x1f\xc0\
O\x00\xa4\x9b\x10B\x17\xc0\xcf\xaaA\xcb\xfdk\x17\xe5\
\xef1a|S\x14\xbbkk\x09\xe4\xd0\xd8|CU\
i\xc1Wd\x19\xf0\xb3d\x05 |\xa5\xee\x8d\xb6V\
\xd8\xb6\x008SK{\x06\x9e\xadv9\xae\xd67\xaa\
\xe8v\xed\xca-\xa9\x9d\x01\xffu \xbe\x1d@\xa6\x09\
!\xec\x04\xe8\xc1\x86\xfdG\x9f\x96\x8b\xc3\xbe\x98\xac\x00\
|N\xf1\x8a\xba!NO\xed\x03\x04\xdb'\x00\xee\x83\
\xf1\x93\x7f+\x80%\xaa5tf\x95\xab\xd0\x15O\x93\
?\x00(\xa0G\xc3h~\xa1\xd3S\xf7#\xdd\x82\x11\
\xa2G+\xec.h\x9c\xfc\x010\x14\xe5\x11=\xe3\x89\
\x05O\xcf\x9bp\xfc\xb3W\x11\xc3\xe8{G\xce\x04\xd8\
\x9d\x93\x9d\xb9\xc3\xe9\xf1\xfe\xe4\xeaU\xbbL(\xbf\x1e\
\xddd\x05\xa0\xc7\x9c\x15\xde1!\x157\xc2\xb4:\xfd\
8\x0a`i\xc0b]\x12-u\xfa\xcdP\xb4\xbe\xde\
nk\x0a~\x04\xed[-\x1f\x07\xda\xda&\xf5\xb7\x83\
V\xe1\x90\x15\x80\xf0\xf4T\xab\xdc\x02\xed\x0f\x03/W\
\xb9\x1c\x9a\xea\x5c\xf4'']E|\x0f\x80\x11&\x84\
p\x10L\x8f\xa6\x90\xff\x09\x8fkZ\xbb\x09\xe3G\x9d\
\xb8_\x01\x98\xb3\xdc;\xd9\xe9\xf6\xae\x0e\xa9\xd8\x06`\
1\x8c\x9f\xfc\x0f\x01\xf8y\x00\x81\xb1U.Gy<\
O\xfe@\xcf-e\x84\xc7\xc3\xe8b\xb4-9\xe9V\
\xdd\x02\x12q\x8fB\xa1\xdf!\x8c\x95@\xb5{?<\
\xee\xbd\xbcx\x5cW\x95\xab\xc0\x13\xc8\xb0\x9e\x05\xc6\x8f\
\x01l38\x84! ~\xa0\x15\xb6\x8f\x9dnoy\
\x91{\xe3@\x83\xc7\x8f:q\xbb\x02\xd0S\xd5\xeaf\
\x00%0'\x11\x8a\xfa:\xfdf\xb9v\xe5\x96\xd4\xce\
`\xd7\x0e\x00\x835v\xd1F\x0a&T.p\xec\xd5\
3\xaeX%+\x00\xda\x15\xaf\xf0~\x8dT\xbc\x0a\x8d\
\xdf\x95\x0c<_\xedr|W\xe7\xb0\xfa\x85\xf2rV\
\xb6e\xd7\xfd\x90\xc0?\x0f\xe3pe\x18\xbaoGE\
Py\xb0\xea\xba\x82&\xe3\xc77_\xdc\xad\x00\x9c\xa8\
\xd3\xdfs\x8d\xe7\x1c\x18\xffg\xf0\x11@\xae\x14\x04\xc6\
E{\x9d~\xb3<=o\xc2q\x00\xe5at\x91\xcc\
*\xad\x04s\xdc&\xb8\x22|E\xeb\xeb\xed\x8a\x8a\xa5\
\xd0\xfe\xa0\xc4D\xea}z\xc6\xd4\x9f\x94\x97\x93Z\xe5\
*\xa8\x19\xb7\xbf`23\xae\x02`p\x1d\x0fN\x03\
\xd3\x1d\xb0\xf0n\xa7\xdb\xfbx\xd1\xb2\xfa\xa1\xc6\x8eo\
\xbe\xb8\xf9\x82,v\xd7^HL?\x07\xe1k&\x85\
\xe0\x03\xe3w\xb1V\xa7\xdf,\x17\x97\xbff\xcd\xc9\xce\
\xac\x030As'\x8c\xf9Ue\x8e\x95\xfaE\x15\x9b\
\x9cn\xefF\xf4\xfd\x8e\xf7\xf6*\x97#9\x12\xf1\xc4\
\x0ag\x85\xef\x1e\x10\x87s\xddtM\x95\xcb1C\xb7\
\x80\xe2\x80\xd3\xe3\xbb\x14*\xff\x12\x84\xf3L\x18\xbe\x0d\
\xc0J\xab\xca\x0f\xad^X\xb8\xcf\x84\xf1\x0d\xd7\xaf\x13\
\x80\xf2rV\xb6\x0e\xf5]AD?\x03x\xba)A\
H\x95*\xcdf{\xbcW\xa9\x8c?\x86\xd1E \xc4\
\xa1\xe9\xeb\xca\xa6zu\x0b*\x069\xdd\xde\xd5\xe8^\
\xed\xea\x03z\xb7\xcaU`\xca\xdd\x16\xd1\xa0\xc4\xed\xcb\
g\xf0;\xd0~&\xc8\x0fV'W\x95M\xd9\xaeg\
\x5c\xf1\xa2\xe7\x81\xed\x0e\x10\xae4ax?\x80u\x8a\
\xc5\xfa\x8b5\xf3\xf3v\x980\xbea\xfae\x02P\xea\
\xdehke[1\x11\xee4go\x09\xff\x9e\xf8\xcb\
\x1c/\x982~?\xe1t{_EX\xf7\x91S\xa7\
E\xe1I\xcf-p\xec\xd2-\xa8\x18\xa3%\x91\x22\xd0\
\x1d\x95\xae\x82\x87\x22\x15S4\x9b\xb3\xda\x9b\x1c\xea\xc0\
F\x84\xb1\xfa\xc4\x8c\xdfT\x979\xe4\x8e\x8a0\x95,\
\xdf|\x01\x93r'\x08W\xc0\xf8\xf9*\x00`\xad\x12\
\xc2\xaf\xd6\x5c\xe7\xd8j\xf0\xd8\x86\xe8W\x09\xc0Iu\
\xfa\xef\x010\xce\x84\x10\x18\x8c\x17U\xc2\xfdk]\x8e\
\x7f\x990~\xbf3ky\xed\x14E\xa1\x8d\x08\xe3\xac\
\x061\x0e\xd9\x12\xd2F\xc5\xed\x816f*\xf1\xf8\xde\
b\xe0\xdc^\xb6h\x08\x04\xad\xe3k\x16\xe5\xb5F4\
\xae(U\xec\xf6\xad$\xf0\xb5atq\x90\xba:r\
+\x17\x9f\xd7\xa2[Pqnv\xc5\xfb\x0e\x95B\xb7\
\xc0\x9c\x1b\x08U0^R\x99\xef]\xbb\xb0p\xb3\xc1\
cGT\xbfH\x00\x8a\x96\xd5\xa7\xd8l\xc1y\xcc\xb8\
\x8d\x80a&\x84\xa0\x82\xf1\x92B\xb8o\x8d\xcb\xb1\xc9\
\x84\xf1\xfb5gE\xedZ\x10\xcd\x0c\xaf\x17^V\xe5\
*\xbc^\x9f\x88bO\xf7\x85-\xd6\xb7\x00\xce>\xcd\
omg\xa6K\xab\xcb\x0a\xde2$\xb0(S\xec\xa9\
\x9dAL\xeb\xc2\xea\x84\xe8\x9a\xaa\xd2\x82g\xf4\x89H\
\x9c\xac\xd8S\x9bGLw\x00(\x06`5x\xf8\xee\
\x8b\xd8\x14\xf5\x17\x95\xa5S4_\x5c\x16Mb:\x01\
(Y\xf2v\x1a\xdb\x93\x16\x82\xf86\x00Y&\x84\xd0\
\xbdW\xd4\x8f\x97\x88\xccT\xb2\xe4\xed4$\x0eX\xc4\
*n\x01\x85\xf9\xf3e\x04;\x920\xec\x7f\xe7:\x0e\
\xe9\x14^\xcc\x99\xb5\xacn\x04Y\xd4J\x22\x5c\xf4\xc5\
\xbf\x83>PUuv\x7f{\xca\xe9\xadY\xcb\xeaF\
(V\xb5\x16\xe1\x95\xad\xfdGUi\xc1\xc5r\xde'\
\xb2N*\xdc\xe6\x02\x90`B\x08\xaf\x92\x82\x9f\xc5\xfa\
\x8d\xac1\x99\x00\x14=\xbd\xe9\x0c[\xc0\xb2\x08R\xa7\
\xbf_:)\xb1\xd3\xb5\x868\x03\x1b\xf6\xefo\xbc$\
\xde\xeb\x82;=\xbeKI\xe5\xef30\x81\x01\x1b\x88\
\xb6\x83\xf8\xa5\xfd\x0d\x8d\x7f\x8c\xd7?\x9b\xa2G\xfe9\
\xc0\x96\x92\xfc:\x18\xe1\x1c|\xec\x0a)\xca\x94u\x0b\
\xf2?\xd4-0qJs\xdd\xf5#\x83\x08\xde\x02\xb3\
\xaf\x22\x8e\xd1\xb3^1\x95\x00\x9c\xf4\xc3\x9e\x0f\x13\xae\
\x9b\x04p\x1c\xc0*\x05\x81\x07\xd6\xb8\xa6\xed7a\xfc\
~\xadxE\xdd\x10\xa8\xa1\x9b\x09\xb4\x10@j$\xc6\
 \xe0\xb7\x95.\xc7\xed\x91\xe8[\xc4(frz|\
U\x00f\x85\xd5\x0dpO\xb5\xcb\xf1+\x9d\xa2\x12}\
0g\xb9wpH\xc1u\x00\xdd\x04p\x9a\xe1\x01\xc4\
\xe8\xdb^1\x91\x008\x9f\xf4\x9d\x09+?\x02\xc6\x95\
0\xfe\x00\x08\x00\x1c\x01\xd3\xe3\xf6\x84\xd0\xd2g\xae\x99\
b\xe8\x15\x97\xf1\xa0d\x85w8\xab\xb8\x0dF%v\
\x84\xe2\xaaR\xc7\xda\x88\x8f#bB\x89\xdb{?\x03\
w\x87\xd9M] \xc3:\xadfF\x9e_\x97\xa0\x84\
&\xc5\xee\x8d\x83\x14\xd8nd\xe0z\x00\x86\x97\xfa%\
\xd0n\xa8XVY\x96\xff\xdbXH\x04\xa2;\x01\xe8\
\xce\xcc\xef\x07p'\xcc\xa9Z\xd8\x00\xd0\xc3\x96\x01\xec\
yn\xae\xa3\xcd\x84\xf1\xfb\xb5\xee\x83i\x96\x9ba\xfc\
\x05LmP\xf9kU\x0b\x0b\xdf1pL\x11\x85\x9c\
\x1e_\x09\x98\x9fCx\xdf\x85~U\xe5\xf3\xe2\xf5\xec\
D4\xbaz\xd5\xe6t\x7f\x97\xe5z\x10\xdf\x08\x13\xce\
\x87\x11\xa1\x8d\x02\xa1\x05k\x16M\xad6z\xec\xbe\x88\
\xea\x04\xc0\xe9\xf1>\x05\xc6<\x13\x86\xde\xc9\xe0\x87\x9a\
\xbb\x92\x9fyy\xf1\xb8.\x13\xc6\xef\xd7f?\xe9\x1d\
\x1f\xb2\xe0\xa7\xd4}\x0f\x83\xd1'yO8\xca\xc4_\
\xad.-\xac7i|a\xb2\xe2\x0a\xdf\x7f\x11\xf1\xdf\
\x10n\xf2I\xb8\xad\xaa\xd4\xf1\xb0>Q\x09=\xf5\xbc\
!VF\x8c[\x180\xb8\xd4/\x83\x88~SY\x1a\
\xbd\xf5 \xa26\x01(\xf1\xd4}\x9fY\xfd\x1fcG\
\xa5\x0f@\xea\x03\x0d\x0dM\xd5\xf1z\x18*\x92\x8aW\
\xd4\x15\x90\xaa\xde\x05\xa0\x08\xd1q\x0fE\x83E\xc1\x85\
\xf1\x5c$(^\xf5\xbcW\xfe7\x84\x7f\xc8\xf4\xef\xb9\
\xfb\x0b\xbeV^N\xaa\x1eq\x89\xc8\xb8z\xd5\xaeD\
\xbf\xff\xf8|\x80o\x030\xd2\xb8\x91\x89\xad\xaaz\xd5\
\xea\x85\x85\x7f2n\xcc\xde\x8b\xde\x04\xc0\xed\xfd\x98\x81\
QF\x8c\xc5`/1=\x22u\xfa#\xa3\xc4\xb3y\
:C\xb9\x1b\xdd\x17~D\xd9g\x8ew\x04\x82\xb6\x8b\
j\x16\xe5\x1d0;\x12a\x8c9\xcb\xbd\x93C\x0a^\
\x030(\xcc\xae\x8e\xa8\xd6\x90c\xed\xbc\xa9\x0dz\xc4\
%\x22\xefD\x95X\x10\xee\x020\xde\xa0a\xf7V\xb9\
\x1c#\x0c\x1a\xabO\xa2\xec\xcb\xb8\xdbU\x0fnHM\
IO\x8dx\x15-f\xbc\x01\xe0\xd7\xd5e\x8e?G\
z\xacx\xd4S\xcf\xfb\x1e\x10\xbeiv,\xa7Q\x17\
\xb0X/\xae\x99\x9f\xd7hv \x22\xb2\x9c\x15\x9b\xc7\
\x81,\x7f\xefEA\xa4\xd3Q\x89\xe8\xca\xca\xd2\x82\x97\
u\x09L\x18\xaah\xfdz\x8b\xady\xc2,0\xff\x14\
@^\xa4\xc7\x0b\x84\xfc\x13j\xae\x9b\x1eu\xb5b\xa2\
2\x01pVl\xfe6Hy1b\x03\xc4\xf8\xbb\x9b\
\xd1\xce\xe9\xf1]\x0a\xe6{\x00|\xd5\xecX\xfa`#\
#py\xb5k\xda\x11\xb3\x03\x11\x911\xd3]7V\
\x81\xfaw]\xaa\x852\xfd\xac\xaa\xac\xe0~\x1d\xc2\x12\
fb\xa6b\xb7\xefJRpO\x985 N\xe7\xba\
*\x97cy\x04\xfb\xd7$\x1a\xf6a\xff\x03\xb15b\
\x875\x08\xa4\x028\xc0!\xa56Rc\xc4+\xa7\xc7\
w\xa9\xb3\xc2\xfb\x16\x98\xff\x82\xd8\x9a\xfc\x01`\x1a\xc1\
\xf6\xc6\xaceuQ\xb9T'\xc2S\xec\xf6M\xb0@\
\xfd\x9b\x1e\x93?\x03\xcfW\xb9\xf2\xe5}\xff\xfe\x80\x88\
\xc7\x1f(x\x91\x98\xd7\x03\x14\xb1\x03\xdfL|V\xa4\
\xfa\x0e\x87Y'\xb0OI%\xa5\x81\x10\x9935\x0c\
V\xc0\xf8!Y\xd5\x1f8\xdd\xde\xd7\x19t]\xb5\xab\
`KD\x06\x8b\x03\x9f\xb9r\x99y\xba\xe1kJ\x04\
\x0c\x1e\x98\x88#-\x9dP\xc3\xff\xc8LP\xac\xea\x86\
\xd9Oz\xbf!\xa5\x9d\xfb\x8fY\x9e\xba\xf3\x89\xd5\xe7\
\xa1\xcf\xeb`\xdb\x82\x08\xcc\x8d\x85w\xbc\xc5\xa9\x95\x97\
\xb3\xb2uH\xdd\xad\xdb\x14\xef\xdd\x00\xa5\x01\x91\xfb\x91\
\x12\xd3\xd1\x88u\x1e\x86\xa8\xdc\x02(\xf6\xf8\xbeJ\xcc\
\xaf\x1b3\x1a1\xc0o[\x15\xa5l\xf5\x82|\x9f1\
c\xc6\xbe\xf2rV\xb6e\xd7\xfd\x10@9\xc0\x93\x8c\
\x1e\x9f\x880\xea\x8cdL\x1a>\x10\xa9I6\xec>\
\xd2\x86\xb7\xb6\x1e\xd6\xeb\xefp#)\xb8\x22\xd6\xeb|\
\x8bO\xafB\xae\x86>\x05\xa6\x8e\x86\x88\xcf_WZ\
\xb8M\x87\xbe\x84I._\xb2=!\xc3\xdez?H\
\xb9\x0e\x06U\x94%\x0b\x95T\xce/\xa82b\xac\xbe\
\x88\xca\x15\x00c1\x01\xf8\xaf`H\xf5\x16\xbb\xbd\xef\
1\xb0H\xae\xf2\xfdr'N\xd1n#\xdf\xdd\x00r\
\x8d\x1e_!\xc2\xc83\x92\x9172\x1d)\x89\xff\xfe\
\xf8\x8e\x1c\x94\x8c\x8e\xae jw5\xe91L&\xab\
\xf4J\x89\xbb\xb6\xa8\xd2U\xf8\x7fzt(\x8cW\xec\
\xaeu\xa9\x8ce\xd0\xa7zh'\xa9\xeaw\xd7-\x9c\
\x22\x93\x7f\x8c\x9a\xb3\xda\x9b\x1c\xea\xc4\xc3@\xfb\xb5`\
\xc5n\xe4\xd8\xa4rT^\xad-\x09\xc0\x09\x04\x10p\
6\x01o;\xdd\xde-d\xc1\xf5\x95\xf3\x1d\x7f5;\
\xachQ\xb4\xbe\xdenk\x0c\xcej\x05\xee\x05a\xac\
\xd1\xe3[\x14\xc2\xe8\xc1\xc9\xc8\x1b\x99\x81\x01\xf6/\xfe\
>\x1f?l \xda\xbbB\xd8\xd6\xa0\xc7\x0b$\x9c\xc6\
\xa0\x97J\xdc\xbe\xbb*Kc\xa3\xac\xa7\xe8V\xb4~\
\xbd\xc5\xda8\xfe\x97\x04\xfcT\xa7.U&\xfeq\xd5\
\xc2)o\xea\xd4\x9f0\x90\xf3I_\x06[\xd4%\xa1\
\x0e\x9e\x05\x90\xccy'\x91-\x80S\xdb\xa5\x10n\x5c\
S\xeax\xde\xec@\xcc\xd2\x935\xcfg\xc6m\xba\x9c\
\x9e\xee#\xab\x850fH*&\x0dOC\xa2\xbd\x17\
\x7fw\x19xk\xeba\xec>\xa2k\xe5\xe6\x9a@\xd0\
zm\xcd\xa2\xbc\xa8\xcc\xe2\xc5\xbf\xf5\x5c\x0aS\x09\xe0\
R\xbd\xfad\xe6[\xaa\xcb\x0a\x1f\xd1\xab?a\x8cY\
+7\xe5X\x82\x96\xe5\x0c\x5c\x09\x93\x0f\xbc+\x84\xef\
F\xe3<\x22\xd9\xd0\xa9\x8dQ\x19\x7ftzj\x1b\x00\
\xe5\xf6\xaa\x05\xf9U\xf1\xf2$x\xed\xca-\xa9\x9d\xa1\
\xaek\xd5\x0e\xdc\x09`\xa8\xd1\x99\xa2\xd5B\x18\x97\x9d\
\x8a\x09\xc3\xd3a\xb7\xf6\xe1\xef.\x01\xe7\x8e\x1f\x84\xae\
`\x08\x07\x9b;\xf5\x0a\xa7\xc8f\x0d\x16\x14\xbb}\xdf\
\x93\x03\xa3\xd1\xab\xc4\xb3yz\x88Q\x03}\x0b\x88\x95\
\xcb\xe4\x1f[\xae^\xb5y\xb4\xbfK\xa9@\x10\x97q\
\x94\xbe\xe9\x16-d\x05\xa0\x0f\x08tTe\xfa\xf9\xfe\
\x03G\x96\xf7\xd7R\xc1s\x97~\x98\x15\xb4\xf9o\x00\
\xb0\x18@\x86\xd1\xe3\xdbm\x0a\xc6e\xa7!7'\xad\
o\x13\xff\xe7\x04B*^\x7f\xff \x1a\x8f\xeb\xfaf\
O\x13\x11\xcf\xab,-\xfc_=;\x15ab\xa6b\
\xb7\xf7&\x22z\x00\x80M\xb7n\x81\xdfU\xbb\x1c\xb7\
\xea\xd5\x9f\x88\xac\x92\x8aM\x93\x98,\xcb\x99p\x11q\
t\xcdm\xd1\xba\x02\x10U\x7fH'Dk\x02\xf0)\
\xe6\x16R\xf0;\x9bm\xe0C\xcf\x5c3F\xb7\xc7L\
3\x15=\xbd\xe9\x0c[\xc0\xb2\x08\xc0\x8d0\xe1\x1a\xcd\
D\x9b\x05c\xb3S1>'\x0d\xb60&\xfe\x93\x05\
\x82*\xfe\xf1\xc1!\x1ci\xd1\xf9GDXm\xb7\xa9\
?\x91\xab\xa1\xcdW\xbc\xa2n\x08\xb1\xea\x06\xe3\xbb\xba\
vL\xa8\xa8ZPp]\xbc\xac\xf8\xc5\xb2\x99\x15\x9b\
\x1c\x16X< >'J\xa74I\x00\xfa\x22\xea\x13\
\x80\x7f\xeb\x00cY\x0a\x05\xee\xf3\xb8\xa6\xb5\x9b\x1d\x8c\
\x16\xdd_\xa0\xa1\x9b\xc0t\x03\x0cz%\xe6d\x896\
\x0br\x87\x0dDnN*,\x8a\xfe\x1f\xc7\x90\xcax\
\xe3\x83\x83zn\x07\x00\x00\x088\x00\xe2\x05\x95\xa5\xd1\
y\xc9G<p\xba}E\x00?\x89\xf0k\xfa\x7f\xde\
\xf2\xdc\xfd\x05\xd7\xcb\x05?\xd1m\xf6\x8a\xba\x8bC\xaa\
\xfa81\x0a\xa2s&\xfb7I\x00\xfa \x86\x12\x80\
n\x8c.\x10=e\xb7\x87\xee\x89\x95\xa7\xc2Y\xcb7\
\x8fV\x14\xe5&\x00\xa5\x08\xf7:T\x0d\x92\x13\xac\xc8\
\x1d\x96\x86\xb1C#3\xf1\x9f,\x14R\xb1\xe1\xc3\xc3\
8\xd0\xdc\xa1w\xd7\x0c\xf0\x8a@\xd0v\x8b\x1c\x104\
\xcel\xf7\xc6l\x15\xd6'\x01\xfa\x9e\xee\x9d\x13?X\
UZx\xa7\xee\xfd\x0a\xdd\x14Wx\xbf\x03\xc2\xa3\x04\
\xe3\xdfF\xd2J\x12\x80>\xd0\x9a\x00\x10\xe3\x0d&\xb4\
\x02\xf8&\xcc8\xfcA\x14\x00\xa9k\x02d\xbb5Z\
/\x96\x99\xe9\xae\x1bkA\xe8v\x80\xae\x85\x09\x87@\
\x93\x13\xad\xc8\xcd1f\xe2?YHe\xfc\xf3\xc3\xc3\
hh\x8a\xc8B\xcd\xc7\xc4\xb8\xad\xb2\xcc\xf1\xfbHt\
.z0S\xb1\xc77\x8f\x80\x87\x11\x81m*\x22\xdc\
UY\xea\xf8\x8d\xde\xfd\x0a}8=\xdeY\x00=\x08\
f\x03\xaf\xf3\xfd7\x8b\x85\x90\x92h\xc3\xb16\x7f\x9f\
\xdbJ\x02\xd0\x07\x9a\x13\x00\xd0\x8b\x95\xae\x82+\xe7=\
U\x9f\xd9\xa1\x06\x96\x80i&Ly\xd3\x81C\x00\xfd\
\x8fj\x0d\xdd\x18-W\x85\x96\xb8}\xf9\xdc}\x17\xb6\
\x13\xfa\x14F\xe9\x93\x81IvL\x18\x96\x86\x91\x83\x93\
\xa1\x909\x1f;\x95\x19\xff\xdav\x04\xbb\x0f\xeb\xfa\x8a\
\xe0\xa7\x98\xe8u\x8b\xaa\xdc\xb8\xa6l\xb27\x22\x03\xc4\
1g\x85\xef+ <\x0c\xf0\xf4\x08t\x1f\x04hQ\
\x95\xab\xc0\x13\x81\xbeE8\x98\xc9Y\xe1]\x04\x85\xee\
\x83\xfe[=\xbdb\xb1(\xc8\xcdN\xc5\xc4\xe1\x03\xe1\
\xfd\xa4\x09\x1f\xed?\xde\xe7>$\x01\xe8\x83p\x13\x80\
\x13\xff~\xed\xca-\xa9\x1d!\xff\xef\x88\xf9j\xe8x\
:\xb8\xf7\xf1@e\xe0\xef!(\x0b\xd6\xb9\xf2?2\
z|\x00pz6\x17\x82\x95\xbb\x00\xfc\x08&\xfc\xbc\
\x07&\xdb1!'\x0d\xa3\x06'\x83L\x9a\xf8O\xc6\
\x00\xb6\xecm\x81\xef\x93\xc6H\x95\xfeV\x01TZT\
\xdc\xfa\xdcB\xc7\xa1\x88\x8c\x10Gfzjs-L\
\xf7\x03(\x8a\xd0\x10\xad*\xd4Yk]S\x22w\xfb\
\xa8\xe8\xb3\xf2rV\xb6\x0d\xad\xbd\x81I\xb9\x97\x80L\
3b\xb0\xdb\x14L\x1c6\x10\xe3\xb2Sa\xb1t/\
(o\xfc\xe8h\xbfJ\x00\xfau\x1d\x80\xa7\xe7M8\
\x0e\xa0\xf4\xf2\x97\xb6\xdf\x90\xbe\xbb\xfd\x01R\xa8\x0c\xcc\
\x86\xedw\xf7\xbc\x83z\x89\x02u\xbb\xd3\xed{\x83\x01\
\x97Q\xef\x91\x17\xbbk/$\xa6;\xc0\xb8\xf2\xf4\xbf\
[\x7f\xe9\xc9vL\x1a\x91\x8e\xe1\x83\x92\xa2*\xcb$\
\x00\x13\x87\xa7!%\xd1\x8a\x7fm;\x8c\x90\xaa{\x16\
\xa0\x00\x98\x13R\xf0\x1dg\x85\xefw\x01\xf2?Q\xe3\
\x9avL\xefA\xfa\xbb\xa2\xa77\x9da\xf7[\xca\x99\
\xb1\x00\x11J\xde\x19\xd8ga\xcb\x15Ue\x0eY\xb1\
\x89\x12\xa5\xee\x8d\xb6\xe3\xb0\xdd\xb7\x0du?\x01\x94\x14\
3\xbe;\x12l\x0a\xf2Ffb\xecP\xf3V+\x8d\
\x12\x95\xff\xef\xf4Z\x01\xf8\xbc\x13\x1f.\x05\xb8\x91\x81\
\xe4\xb0\x82\xd4\x84\x01P-\x91ZZY:\xe5\xddH\
\x8cP\xec\xae\xbd\x90@\xf7A\xc7Jh}1(-\
\x11\x13\x87\xa7!'\xd3\xf0\x17\x0a\xfa\xac\xb1\xd5\x8f\x0d\
\x1f\x1cB\x87?\xa2%\x1d\x8e\x11\xb0TE\xe0\xb1j\
\xd7\xb4#\x91\x1c\xa8?\x98\xeb\xae\x1f\x19@\xf0&\x02\
\xe6\x03H\x89\xd48\x04\xfc\xcb\xa2\xf2\x0fW/,\xdc\
\x17\xa91D\xef]\xbed{BfB\xfb/\x99\xe8\
\x06#\x1f\xd2N\x96\x94`\xc1\xe4\x11\xe9\x18=$\xe5\
KW+\xfb\xdb\x0a@\x5c%\x00't//yo\
#\x85\xeedF\xba\xa6 \xc3W\xcf\xb0\x96U\xbb\xf2\
6\xe8\xd1\x99\xd3\xe3\xbb\x94\x98\xefg\xe0\x5c=\xfa\xeb\
\xabX\x9a\xf8O\xd6\xe1\x0fb\xc3\x07\x87\xd1\xd8\x1a\xb1\
\xab\xc0Oh\x03\xb0\xd2\xaa\xf2C2\xe9\xfc\xa7\x93\xce\
\xa8\xccB\xe4\xb7\xeb\x9e\x0b\xb4\xb5\xb9jn>_\xf7\
\xd7BD\xdf\x5c\xb5rKj\xb2\x89\xdb\xb4\x00\x90\x92\
h\xc3\x941\x19\xc8\xce:\xfdj\xa5$\x00\x06\x88t\
\x02p\xb2Y\x15\xb5e\x0a\x94\xfbA\xac\xc7]\xe1Z\
\xecb\x15\xb7U/t\xfcw_\x1b\x96\x97\xb3\xb2u\
\xa8\xef\x0a\x22\xdc\x0b`Z\x04b;\xad!\xe9\x89\xc8\
\x1f\x95\x81\xac\xd4\x043\x86\xd7E(\xa4b\xf3\xc7\xda\
\x0e\xf7h\xd0\x05\xe0\x7f\x89\xf1T\xa5\xab\xe0o\xf1\x5c\
h\xa6\xbc\x9c\x95m9u_#\xe6[\xb8\xfb\xcd\x9d\
H\x7f\x1fu2\xf3u\xd5e\x85\xab\x22<\x8e8\x8d\
k\x96l?\xa3+\xa1c\x19\xc0?\x80\x09\x87\x92\x01\
 -\xc9\x86)gfahz\xef\x17\x1c$\x010\
\x80\x91\x09\xc0\x09\xce\x15\xde\xb9P\xe9W\x00\x0f\xd7\xd2\
>\x5c\x0c\xeca\xe6\xdb\xd6\xba\x1c\xebO7)\x94\x97\
\xb3\xb2-\xbb\xee\x87\x04\xfe9\x03\x13\x8d\x8a\xf1\x04\x02\
\x90\x9d\x91\x84\xbcQ\x03\x91\x99\x12\xbb\x13\xff\xe7\xed;\
\xda\x86wv\x1c\x85?`T\xfd\x17\xde\x01V\x9e\x0a\
\x84,\xcf\xd6,\xca;`\xd0\xa0\xa6\x9b\xe9\xa9\xcd\xb5\
2\xcde`\x0e\x00\xa3^\xe9\xda\xaa\xaa\x5c\xbcva\
\xe1f\x83\xc6\x13_`\xee\xb3[\x87\x05:;\x96*\
LW1\x99\xf1\xaa6\x90\x95\x92\x88\xa9gf S\
\xc3C\x8b$\x00\x060#\x018a\xa6\xdbWda\
~\x18d\xd8\x17\xd3\xe7\xf0!\x80\xca\x03\x19[=5\
3f\x84N\xfe\x95R\xf7F[+\xdb\x8aA\xb8\x1b\
@\xae\xe1\xa1\x11\x90\x93\x9e\x84\xc9\xa3\xd2\x91\x91b\xe8\
u\xda\x86\xe9\xf0\x87\xf0\xd6\xd6\xc38|\xcc\xd0\x0a\xcf\
\x01\x80_\x04)\xbf\xb7\xdbB/\xc6J1\xa9\xbep\
>\xe9\xcb E\x9d\xc9Ds\x01\xfc\x97\x91c3c\
\x855\x097=7\xd7\x11\x99\xf7?\xc5i\xcdY\xf1\
\xde\xc4\x90j\xad\x00p\x11L\x9aw\x06\xa7'\xe2\xec\
33\x91\x96\xa4\xfd\xbbK\x12\x00\x03\x98\x99\x00|\x1a\
\xc3S\xdeoQ\x08\x8f\x02\x98\xa0G\x7f}E\xa0\xa3\
\x0c\xfeE\xc3\xfe\xc6'\x07d\x0e\xb7d$t\xfc\x18\
\xe0{\x00\x8c0!\x18\x8c\xc8J\xc2\xe4Q\x19H\x1b\
`\xca6\x9d\xa1\x18\xc0\xf6\x86\x16xw5Ae\xc3\
W\xe8C \xbc\x0d\xa0\x86\x08\xff]\xb9\xc0\xb1\xd7\xe8\
\x00\xf4\xe2|\xd2w&,\xb8\x14\xcc\xdf\x01\xe12\x00\
F/\x175\x83\xb0\xb0\xaa\xd4\xb1\xd6\xe0qE\x8f\x12\
\xf7\x87\xf9*\x05*\x88\xf9|s\x22 \xe4d\x0e@\
\xe1\x98\x0c\xa4\xea\xf0\xdd\xd5\xdf\x12\x80~\xfd\x1a`8\
\xaa\xe7;\xfe\x0c\xe0\xcf\xb3\xdc\xdes\x15\xe2\x0a0\x15\
\x1a9>\x83\xb3\x00<\x9e=4\xf3!\xa2\xf6\x00\x22\
x\x22\xfa\xcb(D\x18=8\x19\x13G\xa4#%1\
~>*\x04 7'\x0dY\xa9\x09\xd8\xb8\xfd\x08\x9a\
\xdb\x03F\x0eo\x01\xe3\x02\x00\x170\xe3Q\xa7\xdb\xfb\
\x1e\x03\x7f'\xa67\x98\xfcoF\xf3\x9b\x04\xc5\x8f\xd5\
\x0d\xc1\x80\xd0\xcd\x04\x5c\x09\xd0\x99@\xcfin\x13\x1e\
3\x98\xf0{\x0b\x07\x16\xaf)\x9d\xb6\xdf\xf8\xd1\xc5\xec\
\x15\xde\x8bB*\x962\xfc\x05f\x9cr!\x22\x8c<\
#\x19\x8eQ\xe9\x18\x90\x10?\xdf]}%\x7f2\xa7\
\xb1\xd6\xe5\xf8\x17\x80)\xb3\x96\xd7N!\x85\x96\x13p\
\x0e\x0c\xfcJ#B\x02\x0c~r\xb2(\x843\x87\xa4\
`\xc2\xf0t$%\x98r>'*d\xa5&\xe0\xb2\
)9\xd8\xde\xd0\x82\xf7w7#\x182\xfc\x9b\x8c\x00\
L#`\x1a\x88o!\xd8\xd8\xe9\xf6}\xc8\xcco\x12\
\xb0A!\xbc\x9f\x84\xc0\x163.\xa2\x9a\xb3\xda\x9b\xcc\
]\x98\x1a\x0a\xf1t\x05\xca\xb9L|\x09\xa0\x9ea\xf6\
\xa2\x22\x03\xfb\x88iQ\xb5\xab\xe0\x8f\xa6\x06\x12\xa7\x9c\
\x1e\xdf\xa5`\xf5qU\xc5$3>\x09\x0au\x7fw\
\xe5\x8f\xca\x80\xddf\xfc\x11\x83X#\x09@/\xf5\x1c\
\x1e:o\xf6\xb2\xf7\xceR\xad\xd6\xa7\x98\xe8+\xc4\x1c\
\x95[(ZY\x15\xc2\xd8\xec4L\x18\x96\x8aD\xbb\
|4\x80\xee/\x94\xf1\xc3\x06b\xc4\xa0\x14l\xdey\
\x14{\x8f\x9az\xe9#\x01<\x89\x08\x93\x00,P\x01\
\xb4\xc2\xc6N\xb7\xf7c\x02\xb6\xaa@=\x80-\x0a\xd1\
\xbePH=`\x07\x0eud\xd9\x0e\xd7\xcc\xc8\xeb{\
\xf1rf\x9a\xbblKf\xd0\xde9\x02*\x9d\x09\x85\
\xce\x04\xa3\xfb\x1f\xe2\xb1\xa1\x0e\x8c\x01`!\x22p\x84\
J*\xf6Q\x88\x18\xee\x00\x05\xee\xaa)\x93\xc2KF\
\x9bU\xe1\xfd\x91Bx\x08\xccc\xccH\x02-\x0a\xe1\
\xac\xecT\xe4\x8dL\x87\xcd\x22\x13\x7fo\xc9\xb7|\x1f\
\xadYt\xf6\x0e\x00\x17;\x97n\x1a\xc56K\x05\x81\
\xbe\x01pL\x7f\xe2\xac\x16\xc2\x98!\xdd\xb5\xae\x07\xd8\
\xe3\xf7\x89\xffT\x92\x12,\xb8`\xe2`44\xb6c\
\xd3G\x8dh\xeb\x8ah\xf1\xa0\xbe \x00c\x18\x18C\
\xc0\xb7\x00\x80\x99\xa1(\x84 \x00[S\x10N\xb7\xb7\
\x11\xc0!t\xd7\x22\x00\x80\xa6\xff\xec\x84\x93\x184\x10\
\xc0@\x80\xd2\xe0\xf1\xa5\x05m\xe8\xfeh\x13\xfe]6\
\x99>\xfd\x9f\xa8!w0\x98\xc7Y\xe1\x9d\x0b\xe2\xdf\
\x02\x18l\xc6\xf8V\x0ba\xc2\xb0tL\x18\x9ef\xe8\
\xe5b\xfd\x85$\x00\x1aU]?\xf5\x13\x00\x97\x17\xbb\
\xb7\x0e\x02w,S\x14\xfc\x90\x99bj\xf6\xb4[\x15\
\xe4\xe6\xa4a\x5cN\x1a\xec\xd6\x98\xcea\x0c\x93\x93\x99\
\x84!\xe9\x03\xb0\xad\xa1\x05[\xf6\x1e\x83?\x18\x13W\
\xc6g\xe24\xf5\xd4\xf93\x93zT<\xd1\xf7\xc6.\
&\xdcV]Z\xd0\xe7\x1a\x1aB\xbb\xf2rV\xb6\xe6\
\xbc\xbf\x88T\xbe\xaf\xbb~\x8a\xf1\x13\xaf\xdd\xaa`\xc2\
\xf0\x81\xc8\xcd\x91\x89?\x1c\x92\x00\x84\xa9\xda5\xfe\x08\
\x80\x99W\xaf\xda\x9c\xee\x0f`)3\xcd\xa4(\xffs\
M\xb4Y\x90;,\x0dg\x0dM\x85M&\xfe>\xb3\
(\x84\x89\xc3\x07\xe2\xac\xecTl\xd9{\x0c\xdb\x1aZ\
\xcc8\x1f\x10\xb7\x088\xc0\x84\x07\xec\xb64\xf73\xd7\
\x8c1\xf4}\xcdx\xd6\xfd\x1a\xb2\xf5\xdem\xf0\xddH\
\x8c\x143\x16\x82\x12\xec\xdd\xe5z\xc7\x0e\xfd\xf2r\xbd\
\xa2\xf7\xa2z\xa2\x8a%=\xefn\xcf\xbez\xd5\xae\xf9\
\xfe\xaec\x0f\x83h\x01\x80\xa8zY>\xd1n\xc5\x84\
a\xa9\x18\x9b\x9d\x06\xabd\xcda\xb3Y\x14\xe4\x8f\xca\
@nN\x1a\xb6\xee;\x86m\xfb[\x11\x0a\xc5\xc4\x8a\
@\xac:\x0a`i\x825\xe1w=\x17}\x09\x03\x14\
\xad\xaf\xb7[\x9b\x82\xf7\xb6\x027\x82\xcc\xb8C\x05\x18\
\x90`\x81cT&F\x0eN\x8e\xb2\x0d\xa8\xd8&\x09\
\x80\xcez\x9eH\xae\xbfa\xc9\xf6[\x8e\xd8\xdb\x1f \
B\x19\x00S.\xb78!)\xc1\x82\xf1\xc3\x06b\xec\
\x90\x94O\xaf\xb5\x14\xfaI\xb0YP0:\x13\xe3r\
\x06\xe2\x83=\xcd\xf8\xf8P\xab\xac\x08\xe8\x88\x81}\x0a\
hI\x82\xd5\xbe\x5c&~\xe3|Z\xa7\xbf)\xf8c\
\x98\xf40\x93\x9chC\xe1\x98\x0c\x0c\xcf\x8a\xad;F\
b\x85$\x00\x11\xf2\xc4\xe2q]\x00n*/\xe7[\
\xb6\xe5\xd4\xdd\x05\xe6;`\xc2\xbb\xfc\x00`\xb5X\x90\
\x9el\x93\xc9?\xc2\x06\xd8-8{l\x16\x0aFe\
`\xf7\x91vl\xdbw\x0c-\x1d\x86\xd6\x10\xe8o\xea\
\x00Z\x9a`O]-K\xfd\xc6\xb9\xfa\xd1\xcd\xe9]\
I\xcac\x14\xe8*\x01\x993G\xa4'\xd9q\xf6Y\
\x99\x18\x94f\xea\xb3S\xbf'\x09@\x84\x95\x97\x93\x0a\
\xe0~\x00\xf7\x17\xbb\xbd7\x12\xe3^\x102\x8c\x8c\xa1\
\xa5\xdd\x8f\xd7\xea\x0e\x22)\xc1\x0a\xc7\xe8\x0c\x8c<\xc3\
\x94U\xbc\xb8a\xb3*\x18;4\x05c\x87\xa4`_\
c;\xb67\xb4\xe0\xa0\xb1\xa5\x85cY\x00\xc0\x0b\x04\
vW\x96:\xfe\x12\xcf\x97%\x19m\xd6\xcaM9\x14\
T\x96\xf9AW\x11\xa0\x98\xb1\xd6\x9e\x9ed\xc79\xe3\
\x06!#5\xaavO\xfb-I\x00\x0cT\xedr<\
\x06\xe0\xb1\xe2\x0a\xdf5\x04\xf5W \xca6r\xfc\xf6\
\xae \xde\xdaz\x18\xde\x8f\x9bP\xd0\x93\x08\xc8~Z\
\x04\x110,+\x09\xc3\xb2\x92p\xac\xcd\x8f\x9d\x07[\
\xb1\xfbH;:\xfdQ\xf3\x0aa4\xd9N\xa0\xa7T\
\x85\x9e\xad^\x90\x7f\x10\x00\xe029\xa281\xfb\xa9\
\xfa\xb3\xd4`\xd0\x8d\x10.\x81\x19G\xfa\x8908-\
\x01g\x8f\xcdBZR\xff/5\x1eM$\x010A\
uY\xc1*\x00\xabf\xae\xf0\xce\xb5\x98p\x03a{\
W\x10oo=\x8cM;\x8fb\xf2\x88t\x9c\x95\x9d\
*'j#l`\xb2\x1dS\xce\xcc\xc4\x941\x998\
\xd4\xd2\x89O\x0e\xb5b\xef\xd1\xf6Xy\x8d0Bh\
?\xc05\xa4\xaa\xeb+\xcb\x0a\xff)O\xfb\xc6\x9a\xb9\
\xfc\x83\xc9\x16%\xb0L\x0d\x85.\x02\x81\x8c~\xfb\x93\
\x880$=\x01\xd3\xcf:#\xae+\x8e\x9aI\x12\x00\
\x13\xad[\xe0X\x0d`u\xb1\xc7\xfbCb\xfc\xde\xe8\
\xf1\xfd\x01\x15\x9bv6\xe2\xfd\xdd\xc7\x907\xb2\xfb\xb5\
6E\x12\x81\xc8\x22`\xf0\xc0D\x0c\x1e\x98\x88\xb3\xcf\
b\x1ch\xea\xc0'\x87\xdb\xb0\xbf\xb1\x03\x81\xf8x\x83\
`\x0f1^P\x15Z?\xbe!\xff\x8d\x9e-2`\
\xa1\xc9Q\xc5\x91\x92'\xdf;\x8f-\xb6e@`j\
\xf7\x7f1v\xe6'\x02\x86\x0fJ\xc6\xd41\x19Rq\
\xd4d\xf2\xa7\x1f\x05\xac\x89\xf8s\xa8\xc3\xbc\xf1\xfd\xc1\
\x106\xeflD\xdd'\xcd\xc8\xcdI\xc5\xa4\x11\xe9R\
\x5c\xc3\x00\x0a\x11r2\x93\x90\x93\x99\x04fFs[\
\x00\x07\x9a;q\xb0\xb9\x1dGZ\xba\x10R\xfb\xcb\x03\
1\x1d\x22\xd0\xb3\xac\xf0\xba\xaa\xf9\xf9\x9b\xe4I\xdf\x1c\
%K\xbd_g\x1b/a\xd0$3\x8a=)D\x18\
=$\x05\x8e\xd1\x19Rx,JH\x02 >\x15\x0c\
\xa9\xf8`\xcf1l\xdd\xd7\x82\xb3\x86\xa6\x22\x7ft\x86\
$\x02\x06!\x22d\xa4\xd8\x91\x91b\xc7\xc4\xe1i\x08\
\xaa\x8c\xc3\xc7:q\xb0\xb9\x13GZ:\xd1\xdc\xe6\x8f\
\xad\x84\x80\x10b\xd0\xdf\x08\x96\xdb\xabJ\xf3j?\xfd\
\xef\x0bL\x8c)N\xcd\xf6x\x7f\xa82~\xcb\x80\x89\
u\xfa\xd30yT\xba\xd4\x1f\x892\x92\x00\x88\xff\x10\
R\x19[\x1bZ\xb0c\xffq\x8c\x1a\x92\x82\xc21\x19\
r\xc1\x86\xc1\xac\x0a!;c\x00\xb23\x06\x00\xe8\xae\
\xef\x7f\xbc#\x80\xe6\xb6\x00\x9a\xda\xfchj\xedBS\
\x9b\x1f\xfe@\xd4m\x1bt\x01\xfc\xac\x1a\xb0\xdc\xbfv\
Q\xfe\x1e\xb3\x83\x89gNO\xdd\x1cp\xe8A\x95a\
\xe8a\xe3\x13\xac\x16EV\x14\xa3\x9c$\x00\xe2K\x85\
\x98\xb1\xf3\xc0q\xec:\xd8\x8a\x11\x83\x92p\xf6\x99Y\
r\xc5\xa6I\x88\x08iIv\xa4%\xd9?\xf3\x1ag\
\xa7?\x88\xb6\xae\x10Z;\x82\xd8{\xb4\x0d\xfb\x9b:\
\xccZ)h\x05\xf0\xb4j\x0d=\xb8v\xde\xd4\x063\
\x02\x10\xddu\xfa\xb7e\xd7]\x07F9X5\xa9N\
\xbf\x05y#\x06\xe2\xac\x1c9S\x14\xed$\x01\x10\xa7\
\xc5\xcc\xd8}\xb8\x0d{\x8e\xb4!;#\x09g\x9f\x95\
\x89$9\xbc\x13\x15\x14R\xb0\xbf\xa9\x15\xdb\x1bZL\
z\xa3\x80Z@\xea\xf2\x80b{\xa8f~^\xa3\x09\
\x01\x08\xf4\x5c\xd03\xa4\xee\xd6m\x8a\xf7n\x80\xd2L\
\xa9\xd3o\xb3 ox\xf7\xc4/o\x15\xc5\x06\xf9\x16\
\x17\xbd\xc6\x0c44\xb6\xa3\xe1\x9dv\x0cJM\xc4\xb9\
\xb9\x83\x902@>Bf\xe8\x0a\x84\xb0}\xffql\
khA\xc0\x9cW\x09\x0f\x03x\xd2n\x0f=\xd6s\
\x0f\x860\xc1\x89:\xfd\xdb\xe0\xbb\x91\x80d3\x9e\xf8\
O\x14\x18\x1b!uEb\x8e|{\xc70\x8bB\x18\
}F\x0av\x1d:\x0e\xa3W}\x8f\x1c\xef\xc4\x8b\xef\
\xed\xc5\xa0\xd4DL\x1b\x97\x89\x81IR\xb9\xcb\x08\xed\
]!l\xd9w\x0c;\x0f\x9av\xf1\xd0A0=\x9a\
B\xfe'<\xaei\xedf\x04 \x809\xab\xbd\xc9j\
\xa7\xf2\x107\x07\xe7\xc3\xa4:\xfdI\x09VL\x1d\x9b\
\x89a\x99R\xa7?VI\x02\x10\xcb\x880m\x5c\x16\
\xce\x1e\x9b\x89M\xbb\x9a\xb0\xf3\xc0q\xa8ll&p\
\xe4x'\xfe\xbc\xa9\x01iIvL\x1f\x97\x85A\xa9\
\x09\x86\x8e\x1f/\xda:\x83\xd8\xda\xd0\x82\x9d\x07\x8e\x9b\
\xb5\xc7\xff1\x08\x8f\xc9\x15\xbc\xe6*u\x7f4\xf08\
\xb5\xfd6\xd4\xc1W\x03\xaa)e\xf3\x06\xf6\xd4\xe9?\
C\xea\xf4\xc7<I\x00\xfa\x01R\x08g\x8f\xcd\xc4\xd9\
c2Q\xb7\xa7\x09\xdb\xf6\xb5 h\xf0$\xd1\xd2\xee\
\xc7_\xbd\xfb\x916\xa0\xfb\xcba\xf0@\xf9r\xd0\xc3\
\xb16?\xb6\xeck\xc1\xee\xc3m\x86'w=>\x02\
\xe8\xa1\x86\xfdG\x9f~\xbd\xfc\x12\xa9al\x92\xe2\x15\
uCH\xe5'\xda\xd0\xfa\x03b\x98R6/35\
\x01\xd3\xc7\x0dB\xba\x94\xeb\xed7$\x01\xe8O\x14 \
\x7fT\x06&\x8f\xca\xc0\x07{\x8ea\xcb\xdef\xc3\xaf\
\xa5m\xe9\xf0\xe3\xb5\xba\x03\xdd\xfb\x82c20r\x90\
\x5c<\xa4Es\x9b\x1f[\xf7\xb5\xe0\xe3\xc3\xadf\xd4\
l\x01\x00\x1f\x18\xbf\x0bdn\xad\xac\x991#dJ\
\x04\x02%k\xb6\x0fW\xdb\xda*\xa0\xaa\xdf\x06`x\
\x05%\x02\x90\x95\x9a\x88\xe9\xb9YH\x1b \x13\x7f\x7f\
#\x09@?D\x00\xf2F\x0cD\xde\x88\x81\xd8\xbe\xbf\
\x05\x1f\xec>\x86\xce\x80\xb1\xdf\xe1\xed]A\xbc\xb5\xe5\
0j\x13\x9a\xe0\x18\x95\x81\x91\x83\xe5\x80Po\x1cn\
\xe9\xc4\x96=-hh2g{\x9d\xc0\xffT\x99\x1e\
\xa8v\x15\xfcI*\xf6\x99\xa7\xd8S\x9bGLO\xaa\
\xed\xed\x17\x11L8RO\xc0\x90\x81\x03p\xce\xb8L\
$%\xc8\xc4\xdf_I\x02\xd0\xcf\x8d\xcbN\xc3\xb8\xec\
4|t\xe08\xde\xff\xa4\xd9\xf0D\xa0\xa3+\x88\xb7\
\xb7\x1d\xc6\xa6]G\x917<\x1d\xe3\xe4\x15\xa1/t\
\xb8\xa5\x13\xf5\xbb\x9bq\xb0\xd9\xa4\xedu\xc2\x9b\xac\xe2\
\xc1\xaa\xb2\xc2\x17\x00\x00e\xe6\x84\x11\xef\x9cO\xd5\x9e\
\x03UY\x0aV\xa7\x03\xc6?\xf2\x13\x11\x86e\x0e\xc0\
\xb4q\x83\x90 \xe5z\xfb=I\x00\xe2\xc4\xd8\xa1\xa9\
\x18;4\x15{\x8e\xb6\xc3\xbb\xab\x09m\x9d\x01C\xc7\
\xf7\x07Tl\xde\xd5\x88\xfa=\xcd\x988<\x1d\xb9\xc3\
\xa4H\x08\x03\xd8\xdf\xd8\x8e\xfa=\xc7\xd0x\xbc\xcb\xac\
0^e\xa6{\xab]\x05o\x99\x15\x80\x00\xe6x|\
_\x0d2/A\x10\x05\xdd\xb3\xbe\xb1\x7f7H!\x8c\
\xc8J\xc2\xb4\xb1Y\xb0\xc9\xc4\x1f7$\x01\x883#\
\xb2\x920\x22+\x09\x0d\x8dm\xd8\xb4\xb3\xd9\xf8D \
\xa8\xc2\xfbqw\x220.'\x15y\xf1X&\x94\x81\
\x86\xa6v\xbc\xbf\xbb\x19M\xad~3\x22P\xc1x\x89\
\x14\xf5\x17\x95\xa5S\xde5#\x00\xd1m\x96\xc7{\x15\
1\x1e\x091\x8f%\xc0\xf0\xd7\xf8-\x0aalv*\
\x0aF\xa6\xc3\x22\xe5\xbe\xe3\x8e$\x00q*'3\x19\
9\x99\xc98|\xac\x13\x9bv6\xa2\xb9\xcd\xd8\x89(\
\x18R\xf1\xe1\x9ec\xd8\xba\xb7\x05c\x87\xa6\xc21\xa6\
\xff_<\xc4\xcc\xf8\xe4P\x1b>\xd8{\x0c\xc7;\x8c\
M\xbcz\xa8\x00\xfe;\xa4(\xf7\xad[\x90\xff\xa1\x19\
\x01\x88n\xb3*\xbc?\x22\xc2#\xc4\x18a\xc6\xf8\x16\
\x85\x90\x9b3\x10\xf9\xa3\x06\xca\x96\x5c\x1c\x93\x04 \xce\
\x9d10\x11\xdf\x9c\x92\x83\xa6\xd6\x00\xde\xfd\xe80\x9a\
\x8e\x1b\x9b\x08\xa8\xcc\xd8\xbe\xbf\x05\x1f\x1d8\x8eQ\x83\
S0\xe5\xcc\xfew\xf1PHe||\xa8\x0d\xc3>\
\xf8\xc7\x00\x00 \x00IDAT\x1f\xeciB{\x97\
)\x07\xea\xfd\x00\xd6\x85\x88\xef_WZ\xb8\xcd\x8c\x00\
\x04\x00f\x9a\xe5\xa9\xbdN\x81R\x0e`\x90\x19!\xd8\
,\x84\x89\xc3\xd31ax\x9aL\xfcB\x12\x00\xd1-\
#\xc5\x86o8rp\xac\xc3\x8f\xf7v4\xe2\xf01\
c\x0f\xa3\xa9\xcc\xd8u\xf08>>t\x1c\xc3\xb2\x92\
0}\xec\xa0\x98\xbfx(\x18b\xec<x\x1c[\xf6\
\xb6\xa0\xc3o\xca+\xf4]\x00?K\x0a\xfd\xb2r\x81\
c\xaf\x19\x01\x88\x9e\x0bzr\xde\xbf\x99=\xbe{\x08\
\xca@3bH\xb0Y\x90?j \xce\x1cj\xca5\
\x01\x22JI\x02 >c\xe0\x00;\xbe\x96?\x14\x1d\
]A\xbc\xbb\xa3\x11\x07\x9a\xda\x0d}\x0d\x9d\x19\xd8{\
\xa4\x1d\xfb\x8e\xee\xc6\xd0\xf4$L;+\x13I\x09\xb1\
\xf51\x0d\x04U\xec8\xd0\x8a-{\x9bM\xba\xa0\xa7\
\xfbf>\x05\x81\x07\xd6\xb8\xa6\xed7#\x00\xf1\xd9:\
\xfd`$\x9b1\xf1&\xda-(\x18\x9d\x811\x83S\
L\x18]D\xbb\xd8\xfaf\x15\x86\x19\x90`\xc5W\xf2\
\x06\xa3\xd3\xafb\xe3\xce#h8\xd2\x0160\x15`\
\x06\xf67\xb5\xe3\x85w\xbb/\x1e:'7\x0b\xa9Q\
^\x88\xa43\x10\xc2\x0es/\xe89\x0a`i\xc0b\
]\x227\xf3\x99g\xcejor\xa8\x03\xbf\xe6\xc6\xa0\
\x8b\x08\xa6\xd4\xc6NN\xb0\xe2\xec\xb1\x99\xc8\x96:\xfd\
\xe2\x14$\x01\x10\xa7\x94hWp\xe1\x84\xc1\x08\x84T\
l\xfe\xa8\x09\x9f\x1c6\xe7\xe2\xa1\x97\xde\xdb\x87\xcc\x94\
\x04L\x1f\x97\x85\xf4\xe4\xe8\xbax(\x0a.\xe89\x0c\
\xe0\xc9\x00\x02\x8f\xd6\xb8\xa6\x1d3#\x00\x01\x94\xac\xd9\
\x9e\xa6\xb6w<\xdc]\xa7\x1f63\xb6\xd8S\x12\xad\
\x98>n\x90\x94\xe2\x16\xbd\x22\x09\x80\xe8\x15\x9bE\xc1\
9\xb9Y8\xfb\xac\x0cl\xfe\xa8\x09\xbb\x0e\xb7B5\
8\x13hl\xed\xc2+\x9b{.\x1e:+\x13\x83L\
\xbe\x8c$\x0a.\xe8\xd9\x0d\xc2#\x81\xd66O\xcd\xcd\
\xe7w\x98\x11\x80\x00\xe6,\xf7\x0e\x0eZ\xf0\x98\xda\xd6\
6\x83@\x86\xd7\xe9'\x00\x03\x93\xbb/\xe3\xcaL\x91\
\xcb\xb8D\xefI\x02 \xfa\xc4\xa2(\x986.\x0b\xd3\
\xc6f\xc1\xbb\xbb\x09\xdb\x1aZ\x0cO\x04Z\xda\xfd\xf8\
\xab\xef\x00R\x07\xd8p\xf6\xd8,\x0cI76\x11\x88\
\x82\x0bzv\x81\xf0\xb8\xdc\xccg\xae\x9e:\xfdO\xa8\
\xa0\xab\x88Y1\xfc%~t\xbf\xc5s\xce\xb8AH\
I\x94\xafr\xd1w\xf2\xa9\x11\xda(\x80ct\x06\x0a\
Fe\xe0\xfd\x9eD\xc0\xe8\x8b\x87\x8ew\x04\xf0\xfa\xfb\
\xdd\x17\x0f\x15\x8c\xce\xc0\xa83\x22{\xf1P\x14\x5c\xd0\
S\x0f\xc6C\x0d\x07\x1a\xab\xe4f>\xf3\xcc\x5cZ\x9b\
k\xb1\xd2rno\xbf\x84@d\xe4\xd9\x98\x13\xce\x18\
\x98\x88ss\xcf@r\x82)\x17\x03\x8a~B\x12\x00\
\x11\x16\xa2\xee\x1b\x08\xf3Ge`[C\x0b\xde\xff\xa4\
\x19\x01\x83\xf7\xc1\xdb\xbb\x82x{\xeba\xd4\xeejB\
\xc1\xa8\x81\x18=$U\xd7g\xb1\x13\x17\xf4\xec7\xf8\
\x8d\x88\x13\x18\xec%\xa6G\xe4f>s\x15\xaf\xd8R\
\x00\xf6/'\xe6\xf3\x01\x18\x9e\x04\x12\x11r2\x07`\
\xfa\xb8,$Xe\xe2\x17\xe1\x93\x04@\xe8&7'\
\x0d\xb99i\xa6\xdd@\xd8\xe9\x0f\xe2\x9d\xedG\xe1\xdd\
\xd5\x84\x89#\xd2\x91\x1b\xe6\xc5C\xd1rAO\xb5\xcb\
!7\xf3\x99\xc8Y\xe1\xfb\x0a\x13?AjW\x81\x19\
\xe3+\x04\x0c\xcbJ\xc69\xb9Y\xb0*\xb1]\x1bC\
D\x17I\x00\x84\xeeN\xdc@\xf8\xf1\xc1V\xf8>i\
6\xbc\x08NWPEm\xcf\xc5C\x93\x86\x0dD\xee\
\xf0\xb4^_<\x14\x15\x17\xf4\xfc{\xe2\x97\x9b\xf9L\
T\xb2\xbc\xf6JU\xa1\xdf\x01\x9ck\xc6;\xfc\x16\x05\
=\xd51\xb3`\xed\xe7e\xb2\x859$\x01\x10\x113\
zH\x0aF\x0fI\xc1\xde\xa3\xed\xa85\xe1\x06\xc2@\
P\x85\xf7\x93&\xd4\xefi\xc6\xd8\x9c4\xe4\x8f<\xc5\
\xc5C\xe6_\xd0\x03\x00\xaf\x92\x82\x9fU.p\xbcm\
V\x00\xe2\xff\xdb\xbb\xd3\xf08\xaa;]\xe0\xef\xa9^\
\xb4\xb7V[\xd6\xe2\x0d\xef6\x96d\xc7\xacI&C\
&\xb9w\xb8\x93\xcc\xbd7\x09\x06\xc9\x98\xe0`K^\
\x12\x07H\x08YX\x94\x05\x08\x90\x80c \xb6D \
\x06,\xd9\xe0\xcc<\xcf\xdc\x9b\x84L&\x0bw2\x09\
\x04\x8cm\xc9\xd8\x96-\xefZ\xad]-\xb5\xd4\xea\xa5\
\xce\xfd D\x8cw\xa9\xbb\xebTU\xbf\xbf\x8f\x04\xd5\
\xf9\x07\xcb:\xaf\xaa\xaa\xcf\x0b\xdc\xf6\xfc\x9e/h\xba\
\xe3\x09\x09\xccT\xb2\xf1;4\xcc\xcaME\xf1\xcc\xcc\
\xb8o\xcc\xa4\xd8b\x00\xa0\x98+\xccNFav2\
\xda\xfb\x86\xb1\xf7X\x0f\xbc\x06\x17\xe1\x84t\x89\xc3\xcd\
\xfdhl\xf1\xe2\xaa)i(9\xabx\xe8\x83\x82\x9e\
\x96~\x0c\x0c)*\xe8\x91\xf85\x1c\xa2\xb2vM\xd1\
\xbb*\x06 \x8c\x9e\xd3\xff\xfc\xfe\xd5\x9a\x94?\x80\x8e\
\xc9*Fp9\x04\xe6O\xcd\xc0\x82\xc2t\x1e\xd7K\
\x86`\x00 \xc3L\xc9H\xc2\xcd\x1f)@\xf7@\x00\
\xef\x1e\xefRR<t\xb4m\xf4s\xfb\x05\xd9\xc9\xc8\
\xf1$\xe0pK\xbf\xaa\x82\x9e \x80\x9d\x12\xe2\xd1\x1d\
k\x8b\x1aT\x0c@\xa3\xe7\xf4\x1f\xce\x7fo\x03\xaa\xeb\
+\x05\x90\xa5b\x06\xb7\xd3\x81\x85S\xd31\xaf\xc0\xa3\
by\x8ac\x0c\x00d\xb8\xec47\xfe[q>z\
}\x01\xec>\xdam\xf8\xb3v]J4u\xf9\xd0\xd4\
\xe53t\xdd\xf7\x05\x00\xbc\xaa9\x9c\xdf\xdb\xbez\xd1\
Q\x15\x03\x10P^\xb5\xdb\xe5\x95\xce\x87\x8e\x88\xfdw\
\x0b)\x95\x1c\x94\x9f\xe8\xd2PrUv\xcc?\xbeJ\
t1\x0c\x00\xa4Lf\x8a\x1b\x9f.\xce\xc3\xa0?\x88\
\xddG{\xd0\xd17\xac\xe8\xe3\xf5\x86\xf0A\x88*\xdd\
\x11\xfa\xf1\xce\xbb\x96\xb6\xaa\x1e&^\xdd\xbc\xb91!\
+a\xe8\xfb\x83\xc0\x975\x81$\x15\x07:$\xb9\x9d\
X2+\x0bS\xb3yN?\xa9\xc5\x00@\xca\xa5&\
\xba\xf0\xf7W\xe7b\xc8\x1f\xc6;\xc7\xbap\xa6\xd7o\
h\xf1P\x8c\xf5\x0b\xe0Y\x1d\xc1M;\xca\x97u\xa9\
\x1e&^\xdd\xf2\xdc\x81T\xb7K\x7f\x5c\xca\xa1\xd5\x12\
PR&\x91\x96\xe4\xc4\xb299\x98\xac\xf8\x08k\xa2\
1\x0c\x00d\x1a\xc9\x89\x0e|bQ.F\x82:\xde\
=\xd6\x8d\xe6n\x1f\xd4\x9c\xb4\x1b\x15]\x12\xd8\x14B\
\xf0Y\x16\xf4\xa8\xb3js\xe3$\x7f\xe2\xd0O\x84\x1e\
\xbaEJ5?\xef<I.\x5c;7\x07\xd9i<\
\xa7\x9f\xcc\x85\x01\x80L'\xc1\xa5\xe1\xc6\xf9\x93\x10\x0c\
g\xe3\xdd\xa3\xdd8\xdde\xa9 \xd0\x01`\x8b\x18\x19\
~\xaav\xe3\xf5^\xd5\xc3\xc4\xab;\xb6\xec+\x08j\
xv\x04C\xff,$4\xc3_\xab\x17\x02\x99\xa9.\
\x5c7'\x07\xe9\xc9\xe6j\xaf$\x1a\xc3\x00@\xa6\xe5\
rh\xb8~\xde$\x5c;'\x07u'{q\xb4}\
\xc0\xf0\xe2\xa1q8\x09\xe0\x09\xb7\xdb\xf3s\x16\xf4\xa8\
s\xfb+\xef\xce\x0e\xfb\x1c?\x0d\x0a\xf1)\xa1\xa0\x9d\
G\x00\xc8IO\xc4uss\x90\x92\xc0\x1f\xafdn\
\xfc\x0e%\xd3\xd34\x81%We\xa1df\x16\xeaO\
\xf5\xa2\xb1\xd5\xab\xaa~\xf7B\x8eC`s\xaf?y\
\xeb\xeb\x1b\xe7(::\x90n\xddr\xf0j\x87\x16|\
N\x1f\x12\x1f\x17B*\xd9\xf8'g$\xe1\xfa\xb99\
Ht\xf3\x9c~\xb2\x06\x06\x00\xb2\x0c!F\x1b\x08\x8b\
\xa7g\xe2PK?\x0e6\xf5\x19\xde@\xf8\xc1,@\
PJ\xf9B0\xab\xf8\xcb\xbb\x96\x0b\x16\xf4(R\xba\
u\xcf\x0dB8\x9f\x05\x82KG\xff\x89\xb1\xdf\x0f\x9a\
\x10\xc8\xcbN\xc2u\xb3\xb2\xe1rq\xe3'ka\x00\
 \xeb\x11\xc0\x82\xc2t,(LW\xd6@(\x01\x17\
\x84X\xeb\xea\xa9\xbf\xb5\xb4\xaa\xee\xb1P\xe6\xe1\xa7\xd8\
\xd4g\x9c\xd2\xe7\xeb>)t\xf9\x0c \x16\xaa\xf8(\
\x9f&\x80\xa99\xa9X6'\x8b\x05=dY\x0c\x00\
dic\x0d\x84'\xce\x0cb\xbf\x82\xe2!\x08d\x0a\
\xe0\x09W\xef\xbc\x87n\xab\xaa\xfbQ{[\xcf#o\
T\xded\xf0\x10\xf1\xe3\xf6\xea\xba\xcf\xeb\x12OB\xc7\
L\x05\x8f\xf8\xe1\xd0\x04fLJ\xc5\xd2\xd9\x99\xd0\x04\
7~\xb26\x06\x00\xb2\x85\x99\xb9\xa9\x98\x99\x9b\x8aS\
\x1d\x83\xa8;\xa9 \x08\x00\xa9\x1aPY\x90\x97\xf5\x8d\
\xb2\xea}[\xdd\xae\xf4\xef\xf0e\xc0\xe8Y\xf1\xfc\xfe\
\xdb\xf5\xb0\xfe\xa4.1E\xc5\xfa.\x87\xc0\x9c|\x0f\
\x16M\xcf\x04\xb7}\xb2\x0b\x06\x00\xb2\x95\xe9\x93S1\
}r*\xdaz\x87\xb1\xef\xb8\xf1\xc5C\x12H\x86\x14\
\xf7\x06\x02\xde\xaf\x94n\xad\xdf\x96&\x02wWW,\
\x1b2t\x08\x9b\xa8\xac\x94\xda\x91\xdc\xba\xf5\x10Z\xa5\
\xd4\xf5l\x15\xc5xN\xa7\x86\xf9\x05\xe9X45\xdd\
\xf8\xc5\x89b\x8c\x01\x80l)/3\x09y\x1f)\xc0\
\xff}\xa7IU\xd9\x8fK\x08\xb9f\x10\xee;K\xab\
\xeb~\x91\xe0\xd2\xd7o[\xb5\xa4O\xc5 VS^\
\xb5\xdb5(\xdd\xf7\x1f\x11\xf5\xdf\x00D\x9a\x8ag\xfc\
\x09N\x0dE3\xb2p\xd5\x14%5\x01D\x86`\x00\
 [s84\x00*\xdf\xcd\x93.!Q\x1a\x18\xd1\
n-\xab\xaa\xfbw?\x5cw\xfdk\xc5\xc26\x85\x03\
\x99\xd6-\xaf\x1dp;{C\x0f\x0d\x02wCH%\
\x0d9\x89n\x07\x96^\x95\x89\xa99\xdc\xf8\xc9\xfe\x18\
\x00\x88\x8c \xa0\x01\xb89Q\x06\x9bK\xb7\xee\xfb\xbd\
\x08\xe9kj\xbf\xbc\xf4\x94\xea\xb1\xcc\xe0\x96\xe7\x0e\xa4\
\xba\x9c\xa1G\xd0\x13\xaa\x80\x80\x92\xf3rS\x12\x9c\xf8\
\xc8\xac,\xe4e\xb1\xa0\x87\xe2\x07\x03\x00\x91\x91\x044\
\x01\xf1i\xb8\x1c'\xca\xaa\xeaw\xbb\x84c\xd5K\xe5\
\x8b\x0e\xa8\x1eK\x85;\x9f\xde\x9b1\x92\xacm\x02B\
+\x008\x15\xbc\xd4\x8f\xb4$\x17\xae\x99\x9d\x8dI\xe9\
,\xe8\xa1\xf8\xc3\x00@\xa4\x86\x00\xe45A\x84\xf7\x97\
U\xd5\xef\x86p\x94\xd7\x96/\xda\xa7z(#\x94>\
\xbf?W\xe8\xf2\x99 \xe4\xe7\x04`\xf8\xe99\x02\x80\
'\xc5\x85kgOBV\x1a\xcf\xe9\xa7\xf8\xc5\x00@\
\xa4\x92\x94\x02\xc05\x90\xa1\xbd\xa5UuG\x1c\x9a^\
\xb1}\xcd\x927T\x8f\x15\x0b_\xdc\xb6\x7fV\xc0\x1f\
\xde\x02]\xff\x14\x00a\xf4\xab}\x02@fZ\x02\xae\
\x9b\x97\x03O\xa2\xcb\xe0\xd5\x89\xcc\x87\x01\x80\xe8\xc2\x82\
\x00\x0c\xdd%\x040W\xd7\xb5?\x96U\xd5\x9d\x14N\
\xad\xa2\xe6\xae\xc5\xbf5r\xfdX)\xad\xde\xb7HH\
\xf1\xd3\xe0\x88\xfeq!\x14|\x98O\x08\xe4\xa6'\xe0\
\xba\xb9\x93\x90\xc4s\xfa\x89>\xc0\x00@t\x01\xc3\x89\
\xee\xbc\xc4\xe1\xc0\x03B\x13k!\xa5\xd1\x0f\x88g\xc8\
\x90\xfe\xefeU\xf5m\x12\xf2[;*\x8a_2x\
\xfd\xa8XYUw]X\x88g \xf5kT\xac/\
 \x90\x9b9\xda\xcc\x97\xc8s\xfa\x89\xce\xc3C\xad\x88\
.\xc09\xa8\x8f\xecX[|O\xaa\x0cx$\xf0\x08\
\x04|\xc6O!\xf3\x04\xb0\xad\xacj_GYU}\
\xf9\xfb\x8f\x0bL\xef\xf6\xe7\xf7\xfe}Y\xd5\xbe\x03a\
\xe0-Hy\x8d\xd1G\xf6\x0a\x01L\xcdN\xc1\xe7n\
\x98\x8aO,\xca\xe5\xe6Ot\x11\x0c\x00D\x97P]\
\xb1,\xb8\xa3\xa2\xf8\x81\xb9\xadE\x1eH\xf9M)\xd1\
o\xfc\x14b\x12 \xab\xca\xaa\xea\xbb\xcb\xb6\xd6\xdf\x7f\
\xcbk\xaf\x99rG\xbb\xad\xba\xee\x9fK\xab\xea\x8e\xea\
\xba\xf6\xc7\xd1\x92\x1eci\x9a\xc0\xcc\xdcT|\xee\x86\
\xe9\xb8q\xc1$8\x1d\xfc\xf1Ft)|\x04@t\
\x05*+\x85\x0e\xe0qH\xf9DY\xd5\xbe\x8d\x10\xda\
\x03\x00r\x0c\x1dB \x13\x90?t\xf7\xce}\xa8\xac\
\xaanSk[\xcf\xc3f(\x1e\xbamk\xdd\x174\
\x81\xa7!Q\xa8b}\x87&pUn\x1aJ\xae\xca\
\x84\xa6\xe2\xbc`\x22\x8bb\x00 \x1a\x0f!d-\xf0\
\x13\x00?)\xdbZw\x07\x84\xf8! \xf3\x8c\x1cA\
B$\x03\xf8v~^\xd6=\xa5UuU\x09n\xcf\
\xb7\x8c.\x1e\xaa\xac\x94\xda\x91\x82\xfd\xab\xa5\xae\xff@\
\x00\x93\x8c\x5c{\x8c\xd3\xa1a^\xbe\x07\x8b\xa6\xa5C\
\xc5\xbb\x85DV\xc7{dD\x13T\xbb\xb6\xf8\xe5\xda\
\x8a\xa2|@,\x07pB\xc1\x08I\x02\xb8;\x10\xf0\
zK\xab\xea\xb7\x95W\xed\x8e\xf91v\x95\x95R+\
\xab\xde\xff\xf5#y\xf5=\xd0e\x95\x800|\xf3w\
95\x14\xcf\xc8\xc2\xe7n\x98\x86\xab\xa7gp\xf3'\
\x9a \xde\x01 \x8aPmE\xd1.\x00\xbbn\xffY\
\xdd?\xeaa<\x0d`\xbe\xc1#\xb8\x04\xe4\x17\x07\xe1\
.+\xad\xae\xfb\x85H\x11\x1bjW\x14\xf5Fs\x81\
[^;\xe0v\xf5\x04\x1f<\x22\xea\xef\x81\x84\x92s\
\xfa\x13\x5c\x0e\x5c=-\x03\xb3\xf3\xd2T,Od;\
\x0c\x00DQ\xb2}u\xf1o\x00\xfc\xe6\x8b[\xeb\xff\
. \xe43\x02(2v\x82\xd1\xe2!\x0c\xc8[K\
\xb7\xee\xfb}Hb\xd5\xaeu%-\x91\x5cq\xe5\xcb\
u)\xe1a<\x8a\xdep9\x84Pr^n\xa2\xdb\
\x81%WeaZ\x8e\x92\xdcAd[\x0c\x00DQ\
\xf6\xd2\xda\xa2\xff\x04P|{\xd5\xc1\xa5a\x04\x7f*\
 \xaf3\xf4\xa3p\xef\xf7\x0d\xb8\x848]\xb6\xb5\xee\
\x8d$\xa7\xebK/\xac^8\xae\xe2\xa1\x15\xdb\x1b=\
\xfa\xd0\xf0\x8f\xf4ay'\x00\x97\x8aJ\xde\x94\x04'\
\x96\xcd\xce\xc2\x94L\x16\xf4\x10\xc5\x02\x03\x00Q\x8cl\
\xafX\xb8\x07\xc0\xf5\xb7l\xdd\xb3\xd0%\x1c[ \xc4\
\xc7\x8d\xfd,\xbf\xd4 \xf0\xc9\xe1p\xf0DYU\xfd\
n\x87.\xbf\xf4\xca\xba\xe2\xf7.\xf5\x15+\xb7\xd4M\
\x0e9\xb0I\xf7\xf9\x96\x0b\x08\x87\xf1\xdb>\xe0Iv\
\xe1\xda99\xc8NSR\x0cH\x147\x18\x00\x88b\
l\xd7\xda\xa5\x07\x01|b\xc5\xf3\x8d\x85R\x1f\xda\x22\
\x84\xf8\x1f\x12\xd2\xc8\x17p\x05 \xaf\x09k\xd8_Z\
UW\xaf\x0b}\xf5\xab\xe5K\xde9\xfb_X\xf1|\
]\xa1\xae\xcb\xada\x88\x9b\x85\x94\x9a\xd1\x87\xf7\x00@\
fJ\x02\xae\x99\x97\x8d\xccd\x16\xf4\x10\x19\x81\x01\x80\
\xc8 5k\xe64\x03\xf8\xecm/\xec\xc9\x17!\xed\
9\x0d\xe2\xb3\xd2\xe06<\x01\x149\xa4\xf6viU\
\xdd\x11\xe8X\xa7\x87e\xb3\xc3)\xb6H\x89\x9b\x04\x84\
0\xfaV\xbf\x00\x90\xedI\xc0\xb5s&!-\x89?\
\x8e\x88\x8c\xc4\xbfqD\x06\xdby\xd7\xd2V\x00\xff\xbb\
\xec\xa7\xf5\x99\xd2\xa1o\x16\x10\xb7\xc1\xe0\xbf\x8b\x02\x98\
\x0b\x0d\xbfw\x081\xba\x0b\x1b|\xaf_\x08 7#\
\x09\xcbfg#%\x81?\x86\x88T\xe0\xdf<\x22E\
j\xd7\x17\xf5\x02X\xf9\xcf/4\xacO\x0b\x056I\
\xc8\x950\xb8\x81\xd0\xe8;\xfdB\x00\x05\x99\xc9X6\
'\x1b\x09<\xa3\x9fH)\x1e\x04D\xa4\xd8\xff\xb9k\
\xfe@ME\xd1]n\xb7\xc7\x03\xc8\xa7\x01a\xe8\xa9\
~F\x10B`\xc6\xe4\x14\xfc\xaf\xeb\xa6\xe1\xa3\x0b'\
s\xf3'2\x01\x06\x00\x22\x93\xd8\xb6j\xa6\xbf\xb6\xa2\
\xe4\xdeT\xbc\xdf@(1\xa8z\xa6HiB\xe0\xaa\
)i\xf8\xfc\x0d\xd3p\xdd\xdcIp;\xf9#\x87\xc8\
,\xf8\xb7\x91\xc8d\xc6\x1a\x08\x83Y\x873$\xe4\xb7\
\x00\x15\x0d\x84\x91qh\x02\x0b\xa6z\xf0\xb9\x1b\xa6\xe1\
\x9a\xd9\xd9ph<\xae\x97\xc8l\xf8\x0e\x00\x91I\xed\
Z\xbe<\x0c\xe0\x87\x90\xf2\xf1\xb2\xadu\x1b\xa0\x89\x87\
at\x03\xe18\xb9\x1c\x02\xf3\x0a2\xb0`\xaa\x87\xcd\
|D&\xc7\x00@dv\xa3\x0d\x84\xcf\x02x\xb6t\
\xcb\xbe\xe5\xd0\xc4\x8f\x040U\xf5Xgs;5,\
(\xcc\xc0\xbc\x824\x96\xf3\x10Y\x04\x03\x00\x91\x85\xec\
XW\xf2\x1a\x80\xd7J\xab\xf7/\x17R>\x09\xc8i\
*\xe7It;P4=\x033r\xd3\x14\x1c\x1dD\
D\x91`\x00 \xb2\xa0\x1d\xe5\x8b_\x03\xf0\xda\xca-\
u\x9f\x0ck\xf2\x19@,4r\xfd\xa4\x04'\x8ag\
db\xfa$\x16\xf4\x10Y\x15\x03\x00\x91\x85\xbd\xb2\xae\
\xf8\x0f\x00\x16\xdd\xf1\xdc\xbe\x8f\x05\x9d\xe2\xb9X7\x10\
&'8\xb1tV\x16\x0a\xb2X\xd0Cdu\x0c\x00\
D6\xf0\xf2\x86\x92\xff\x02P|\xeb\x96\x83Wk\x8e\
P\x95\x90\xf2\xc6h^\xdf\x93\xec\xc6\xb2Y\x99\x98\x94\
\x9e\x14\xcd\xcb\x12\x91B\x0c\x00D6\xf2\xea\xba\x85\xef\
\x01\xf8h\xd9\xd6\xbds\x00m+\x04nB\x04\xe7\xfd\
\xa5'\xbbq\xed\x9cld\xb1\x99\x8f\xc8v\x18\x00\x88\
l\xa8v\xed\x92F\x00\xffp\xe7\xcf\xf7\xce\x08\x04\x1d\
\xc7'RC\xfc\xe9%\xf9\xc8Ja3\x1f\x91]\xf1\
  \x22\x1b\xdb\xb6j\xc9I!'V\xf5\x93\xc6\x92\
\x1e\x22[c\x00 \x22\x22\x8aC\x0c\x00DDDq\
\x88\x01\x80\x88\x88(\x0e1\x00\x10\x11\x11\xc5!\x06\x00\
\x22\x22\xa28\xc4\x00@DD\x14\x87\x18\x00\x88\x88\x88\
\xe2\x10\x03\x00\x11\x11Q\x1cb\x00 \x22\x22\x8aC\x0c\
\x00DDDq\x88\x01\x80\x88\x88(\x0e1\x00\x10\x11\
\x11\xc5!\xb6}\xd0\xb8H\x00g\xfa\x86\xd1\xd2=\x84\
\x81\xe1 \xa4\x04\xd2\x92\x9c\xc8\xcbLFAVr\x04\
\xc5\xb3DDd$\x06\x00\xbab\x9d\xfd~\xec=\xd1\
\x83\xde\xc1\xc0\x87\xfeyG?p\xac}\x10\xe9)n\
\xdc07\x07\xe9\xac\x90%\x222=\x06\x00\xba\xac\x81\
\xe1 \xeaN\xf6\xa2\xa5{\xe8\x92\xff^\xbf/\x80\xdf\
\xd5\xb7\xe1\xa6\xc5y\xc8Je\x08 \x2223\xbe\x03\
@\x17\x15\x08\xea\xd8s\xbc\x07\xaf\xefi\xbd\xec\xe6?\
&\x14\x96\xf8\xaf\x83\x1d\xf0\x07\xc31\x9e\x8e\x88\x88\x22\
\xc1\x00@\xe7\x91R\xe2X\xfb ~\xbd\xa7\x05\x8d\xad\
^H)\xc7\xf5\xf5\xc3\x81\x10\xde>\xd25\xfa\xc2\x00\
\x11\x11\x99\x12\x1f\x01\xd0\x87\xb4\xf6\x0ca\xef\xf1\x1e\x0c\
\xfaC\x11]\xa7\xadw\x18\x0d-\xfd\x98_\x98\x1e\xa5\
\xc9\x88\x88(\x9a\x18\x00\x08\x00\xd03\x18\xc0\xbe\x13=\
\xe8\xec\xf7G\xed\x9a\xfbO\xf5!'=\x119i\x09\
Q\xbb&\x11\x11E\x07\x1f\x01\xc4\xb9\xe1@\x18\xbb\x8f\
v\xe1?\xeaZ\xa3\xba\xf9\x03\x80.%\xdel\xe8@\
 \xa4G\xf5\xbaDD\x149\xde\x01\x88S!]\xa2\
\xa1\xb9\x1f\x0d-^\x84\xc3\xb1\xdb\xa0\x87F\xc2x\xa7\
\xb1\x0b\x1f]09fk\x10\x11\xd1\xf81\x00\xc4\x1b\
\x09\x9c\xec\x18D\xfd\xa9^\x0c\x07\x8cyS\xbf\xb9{\
\x08\x8dm\x03\x98\x93\x97f\xc8zDDty\x0c\x00\
q\xe4L\x9f\x1f\xfb\x8ew\xa3o(h\xf8\xdau'\
z\x90\x93\x96\x80L\x9e\x0f@Dd\x0a|\x07 \x0e\
x\x87\x83\xf8\xd3\x81\x0e\xbc\xf1^\xbb\x92\xcd\x1f\x00\xc2\
\xba\xc4_\x1a:\x10\xe4\xfb\x00DD\xa6\xc0;\x006\
\x16\x08\xeax\xaf\xa9\x0f\xc7\xda\x06\xa0\x8f\xf3\xb3\xfc\xb1\
0\xe8\x0f\xe1\x9dc\xdd\xb8q\xde$\xd5\xa3\x10\x11\xc5\
=\x06\x00\x1b\xd2\xa5\xc4\xd1\xb6\x01\xbcw\xba\xcft\xbf\
q7u\xfap23\x093&\xa7\xaa\x1e\x85\x88(\
\xae1\x00\xd8\x88\x04\xd0\xdc5\x84\xba\x93=\xf0Ex\
\x90O,\xbd{\xb4\x1bYi\x09\xf0$\xb9T\x8fB\
D\x14\xb7\xf8\x0e\x80Mt\x0f\x8c\xe0\x0f\xf5\xed\xf8K\
C\x87\xa97\x7f`\xf4#\x88\x7fi\xe8\x8c\xe9\xc7\x0f\
\x89\x88\xe8\xd2x\x07\xc0\xe2\x06\xfd!\xd4\x9f\xe8A\xd3\
\x15\x96\xf5DA\x18\x90/\x00b!\x80\x8fM\xf4\x22\
\xfd\xbe\x00\xf6\x9e\xe8\xc5\xb2\xd9\xd9Q\x1c\x8d\x88\x88\xae\
\x14\xef\x00XXX\xd7\xf1\xfa\xbb-\x86m\xfe\x02\xf8\
\x8dCGImEI\x85\xd0P\x0a\xa0+\x92\xeb\x1d\
k\x1f@S\x97a\xc1\x85\x88\x88\xce\xc2\x00`e\x12\
\x86\xbc\xdd/\x80CB\xc8\xcf\xd6T\x14\xdf\xfc\xca\xba\
\xe2\xf7\x00\xa0fMq\xb3\x10\xe2\x0eD\xd8\xf9\xf7\xce\
\xd1\xae\x88\x8b\x87\x88\x88h\xfc\x18\x00\xe8R\xba p\
w \xf3\xf0\xe2\x9a\xf2\x92_\x9e\xfb?\xd6\x94\x17\xbd\
\x0e\x89\x1fG\xb2@0\xa4\xe3\xcd\x86\x0eS|L\x91\
\x88(\x9e\xf0\x1d\x00\xba\x90!\x08\xf9\x8c\xf0\xfb\x1f\xad\
\xd9x\xbd\xf7R\xffbk{\xcf\xb7\x0a\xf22o\x94\
\x107Nt\xb1\x9e\xc1\x00\xeaO\xf6\xa1df\xe6D\
/ADD\xe3\xc4;\x00t6\x09`\x97\xae\xeb\x8b\
j\xcbK\xbey\xb9\xcd\x1f\x00\xde\xa8\xbc)\x14\x0e9\
n\x03\xd0\x1d\xc9\xc2GZ\xfa\xd1b\xdc\x8b\x8cDD\
q\x8f\x01\x80\xc6\xfcQ\x03\x96\xd5V\x14/\xdf\xb9n\
\xc9\xc9\xf1|\xe1\xce\x0d\x8b\x9b\x84\x90w\x22\x82\xf7\x01\
$\x80\xb7\x1b\xbb04bLA\x11\x11Q\xbcc\x00\
\xa0#\x80X^[Q\xfc\xc9\xed\x15\xc5{&z\x91\
\x9a\xf2\x92_\x0a!\x9e\x8dd\x90@H\xc7\x9b\x87;\
\xf9>\x00\x11\x91\x01\x18\x00\xe2W\x0f\xa4\xf8f0\xd3\
\xb9\xb8\xb6\xa2hWT.\xe8O\xba\x0f\xc0\x84C\x04\
\x00ty\xfd8x\xba?\x1a\xe3\x10\x11\xd1%0\x00\
\xc4\x9f\x00\x80\xcdn\xb7>\xabvm\xd1\xe3\xbb\x96/\
\x0aD\xeb\xc2\xafo\x9c3\x12\x86\xb6\x1c\x10\x97}w\
\xe0R\x0e4\xf7\xe1L\x9f?Zc\x11\x11\xd1\x050\
\x00\xc4\x0f\x09`\x17\xc2bAmE\xf1W\xb7\xadZ\
\xd2\x17\x8bE^\xadX|L\x0a}MD\x17\x91\xc0\
[\x87;1\x1c\xe0\xfb\x00DD\xb1\xc2\x00\x10\x0f\x04\
\xde\x96\x90\x7fW[Q\xbc\xbcv}\xd1\xf1X/\xb7\
\xa3\xbc\xe45@VGr\x0d\x7f0\x8c\xb7\x0ewF\
x\xcc\x10\x11\x11]\x0c\xcf\x01\xb0\xb7\xd3\x90x\xb0\xb6\
\xbc\xe8\x15\x08a\xe8V\xeav\xa7\x7f5\x10\xf0^\x0b\
\xa0d\xa2\xd7\xe8\xe8\xf7\xe3P\x8b\x17\x0b\x0a=Q\x9c\
\x8c\x88\x88\x00\xde\x010\x05\x7f\xe2a?\x80`\x14/\
\xd9+\xa5\xfcZ0\xd39\xa7vm\xf1\xcbFo\xfe\
\x00\xb0m\xd5L\x7fX\xd3\xca\x00\xf8\x22\xb9\xce{\xa7\
z\xd150\x12\xa5\xa9\x88\x88h\x0c\x03\x80\x09\xecZ\
\xbe<\x0c\xa0)\x0a\x97\x0aH`S\xd0\xe1\x9c\xbdc\
m\xc9S\xd1|\xc1o\x22^]\xb3\xf8\x90\x006D\
r\x0d]J\xbc\xd5\xd0\x89@\x88\xd5\xc1DD\xd1\xc4\
\x00`\x1e\xe7\x9d\xb5?.\x12\xbf\xd4\x1c\xceE;*\
\x8a\xef\xd9\xb5zQO\x94f\x8aXME\xf1K\x12\
x)\x92k\xf8FB\xf8\xeb\xe1.\xbe\x0e@D\x14\
E\x0c\x00&\x11\x16\xf29\x00\x13\xb8\xd7-\xde\xd14\
\xfc]\xed\xda\xe2\xcfn_\xbd\xe8h\xd4\x07\x8b\x02g\
\x126\x08\xe0P$\xd7h\xed\x1dBckD\x9f.\
$\x22\xa2\xb30\x00\x98\xc4\xab\xe5%G\x04\xc4\xd7\xc6\
\xf1%\xa7\x05\xc4\x8a\xda\xf2\xc5\xd7m_S\xfc\xa7\x98\
\x0d\x16\x05\xaf\xdcQ\xec\x03\xc4\xad\x00\x86#\xb9N\xfd\
\xc9^\xf4\x0e*}\xaaADd\x1b\x0c\x00&RS\
Q\xf4\x1c *0zX\xcf\xc5\xf8\x00|7\xe8\xf3\
\xcd\xaf\xa9(\xaaU\xf1\x82\xdfD\xd4T\x14\xed\x07\xc4\
\xdd\x91\x5c#\xacK\xfc\xa5\xa1\x03A\xbe\x0f@D\x14\
1\x06\x00\x93\xa9\xad(\xaa\x86\xd4\xaf\x86\xc4O\x00y\
\x14\xa3\x9f\x0e\x18\x02\xb0O@\xdc/\x11\x9cQ[Q\
\x5c\xb9\xeb\xde\x1b#\xfamZ\x85\xda\x8a\xa2j\x00;\
#\xb9\xc6\xa0?\x84\xdd\xc7\x22*\x1e$\x22\x22\xf0\x1c\
\x00S\xaa]\xbb\xa4\x11\xc0\xdd\x00\xee\xbe\xe5\xb5\xd7\x1c\
\xef\x7fJ\xc0\x16\xc4\xc8p\x85LH\x5c\x06\x88\xd9\x13\
\xbd\xc6\xe9N\x1f\xa6d$bfnZ4G#\x22\
\x8a+\xbc\x03`rv\xda\xfc\x01\xa0f\xe3\xf5^\xa9\
9>\x0f \xa2\xc3\xfe\xdf=\xd6\x83\xbe\xa1h\x1e\x9d\
@D\x14_\x18\x00\xc8p;\xd6,\xae\x07p\x7f$\
\xd7\x08\xeb\xa3\xe7\x03\x84uK\xbc\x02ADd:\x0c\
\x00\xa4DmE\xf1f\x00\xff\x1a\xc95\xfa\x87\x02\xd8\
{\x9c\xef\x03\x10\x11M\x04\x03\x00)\xe3v\xebw\x01\
8\x11\xc95\x8e\xb5\x0f\xe2TgD\xa7\x0d\x13\x11\xc5\
%\x06\x00Rf\xdb\xaa%}B\xe8\xb7\xe2\xd2\x1f{\
\xbc\xac\xddG\xbb00\xcc\xf7\x01\x88\x88\xc6\x83\x01\x80\
\x94\xaa)_\xf2\x8e\x04\x1e\x88\xe4\x1a\xa1\xb0\xc4\x9b\x87\
\xf9>\x00\x11\xd1x0\x00\x90r;\xca\x8b~\x04\x81\
\x7f\x8b\xe4\x1a\xbd\x83\x01\xd4\x9f\xea\x8d\xd6HDD\xb6\
\xc7\x00@\xea\x09!\x11\x12\xab\x00\x9c\x8a\xe42\x8d-\
^\xb4t\x0fEi(\x22\x22{c\x00 S\xa8]\
_\xd4\xabiX\x09 4\xd1kH\x00o7v\xc1\
72\xe1K\x10\x11\xc5\x0d\x06\x002\x8d\xedk\x8a\xff\
\x04)\xbe\x1b\xc95\x02!\x1do6tBJ\xbe\x0f\
@Dt)\x0c\x00d*s\xdb\x17?\x0a!\xff#\
\x92kt\x0f\x8c\xe0\xbd\xd3}\xd1\x1a\x89\x88\xc8\x96\x18\
\x00\xc8T*+\x85\xee\x08\x8b\xdb\x01\xd1\x16\xc9u\x0e\
6\xf7\xa3\xbd7\xa2\xd3\x86\x89\x88l\x8d\x01\x80L\xe7\
\x95u\xc5\x1dB\xca\x95\x00&\xde\xfb+\x81\xb7\x1b;\
\x11bu0\x11\xd1\x051\x00\x90)\xd5\xac-\xfe=\
 \x1e\x89\xe4\x1a\xc3\x810\x86\x03\xb6\xeaR\x22\x22\x8a\
\x1a\x06\x002\xad\xb9m\x8b+!\xf1\x07\xd5s\x10\x11\
\xd9\x11\x03\x00\x99Ve\xa5\xd0\x83a\xe7\x0a\x01\xb4\xab\
\x9e\x85\x88\xc8n\x18\x00\xc8\xd4vmX\xd4\xaeK\xac\
B$\xef\x03\x10\x11\xd1y\x18\x00\xc8\xf4v\xac-\xfe\
\x8d\x84\xfc\x91\xea9\x88\x88\xec\x84\x01\x80,\xa1\xad\xad\
\xf7;\x10\xf8\xb3\xea9\x88\x88\xec\x82\x01\x80,\xe1\x8d\
\xca\x9bBzP+\x05\xd0\xadz\x16\x22\x22;`\x00\
 \xcb\xd8\xb9aq\x93\x10\xf2N\x8c\x1e\xfbODD\
\x11`\x00 K\xa9)/\xf9%$6\xab\x9e\x83\x88\
\xc8\xea\x18\x00\xc8rRE\xf0>H\xbc\xa5z\x0e\x22\
\x22+c\x00 \xcb\xa9\xaeX\x16\x0c\x0b\xedv\x00\xfd\
\xaag!\x22\xb2*\x06\x00\xb2\xa4W+\x16\x1f\x03\xc4\
\x1a\xd5s\x10\x11Y\x15\x03\x00YVmE\xd1.\x08\
lU=\x07\x11\x91\x151\x00\x90\xa5\xb9]\x9e{\x00\
\xecU=\x07\x11\x91\xd50\x00\x90\xa5m[5\xd3\x0f\
\xa9\xdf\x0a`@\xf5,DDV\xc2\x00@\x96W\xbb\
vI#\x04\xcaU\xcfAt\xb6pXGK\xb7\x0f\
\x07\x9a\xfaP\x7f\xb2\x07\x8dm\x03\x18\x18\x0a\xaa\x1e\x8b\
\xe8\x03N\xd5\x03\x10ECmy\xf1\xce\xb2\xad\xfb\xfe\
;\x84\xb8S\xf5,\x14\xdfF\x82a\x1cn\xf1\xe2h\
\xdb\x00\x82\xe1\x0fwX\x09\x00S\xb2\x92\xf0\x91Y\xd9\
HI\xe0\x8f_R\x8b\xdf\x81d\x1b\x8ed\xf1\xe5\xf0\
\xb0\xb8\x16\x90\x0bU\xcfB\xf1gh$\x8c\x86\x96~\
\x1co\x1f@X\xbf\xf0a\x95\x12@[\xcf0~\xeb\
m\xc5M\x8b\xf3\x90\x91\xe22vH\xa2\xb3\xf0\x11\x00\
\xd9\xc6+w\x14\xfb\xa4\xd0\x97\x03\x18R=\x0b\xc5\x8f\
\x81\xe1 \xden\xec\xc6\xafv7\xa3\xb1\xd5{\xd1\xcd\
\xffl\x81\x90\x8e\xff<\xd0\x8eP\x98\xa7Z\x93:\x0c\
\x00d+;\xcaK\x0e\x08!\xeeV=\x07\xd9_\x9f\
/\x88\xbf\x1c\xee\xc4\xeb{Zq\xe2\xcc\x00t9\xbe\
\xcd|80z\xc7\x80H\x15\x06\x00\xb2\x9d\x9a\xf2\xa2\
\xe7\x05\xc4v\xd5s\x90=uyG\xf0\xa7\x03\x1d\xf8\
\xed\xde\x164u\xfa \xc7\xb9\xf1\x9f\xad\xa9\xd3\x17\xc5\
\xc9\x88\xc6\x87\xef\x00\x90-%8\xdd\xeb\xfd\xa1\x91\xeb\
\x00\xcc\x99\xc0\x97\xeb\x9d\x9d\x1d\xfeh\xcfD\xd6\xd6\xe9\
\xf5\xa3\xa1\xc9\x8b\xd6\xde\xe8=a\x1a\xf0\x87 \xa5\x84\
\x10\x22j\xd7$\xbaR\xbc\x03@\xb6\xf4\xe2]\xf3\x07\
t]\xde\x0a`d\x02_~\xf2\x8d\xca\x9bB\xd1\x9e\
\x89\xacG\x02h\xee\x1e\xc2\x7f\xd4\xb5\xe1\x0f\xf5\xedQ\
\xdd\xfc\x01@J\x09\xbe\x06@\xaa0\x00\x90m\xed\x5c\
W\xb2W@|m\xbc_'\x84\xf8U,\xe6!\xeb\
\xd0\xa5\xc4\xa9N\x1f\xfe}o+\xfe|\xa8\x03=\x03\
\x13\xc9\x91\x97\xe7rhpj\xfc\xed\x9f\xd4`\x00 \
[\xab\xa9(z\x0e\xc0\xbf\x8c\xe3K\xfc2\x84M\xb1\
\x9a\x87\xcc-\xacK\x1ck\x1f\xc4\xeb\xef\xb6\xe0\xad\xc3\
\x9d\xe8\xf7\x05b\xba\xde\x94\x8c\xc4\x98^\x9f\xe8R\xf8\
\x0e\x00\xd9^0\xe4\xbc\xd3\xe5\x0c\xe5\x03\xb8\xe1r\xff\
\xae\x80\xf8z\xcd\xfa\xa2\xe3\x06\x8cE&\x12\xd2%\x8e\
\xb7\x0f\xa0\xa1\xb9\x1f\xc3\x81\xb0a\xeb\xce\xc9\xf7\x18\xb6\
\x16\xd1\xb9x\x07\x80lo\xd7\x86E\x83bd\xf8\x1f\
!\xf0\x02F\x1f\xeb^H@J\xb9\xf1\xfd;\x06\x14\
'\x02!\x1d\x07\x9a\xfa\xf0\xcbw\x9a\xb1\xf7x\x8f\xb1\
\x9b\x7f^\x1a&\xa5\xf3\x0e\x00\xa9\xc3;\x00\x14\x17j\
6^\xef\x05\xb0z\xc5\xd6=OIM+\x95R\x14\
i@\xae\x1c-\x11:)!~\xbccmq\x83\xea\
9\xc9\x18\xfe`\x18GZ\xfaq\xb4}\x10\xc1\x90~\
\xf9/\x88\xb2\x99\xb9\xa9XrU\x96\xe1\xeb\x12\x9d\x8d\
\x01\x80\xe2J\xcd\xda\xa5\x07\x01<\xa8z\x0eR\xc37\
\x12\xc2\xe1\xe6~\x1c\xef\xf0!\x1c6~\xe3\xf7$\xb9\
P4#\x13\x05\xd9\xc9\x86\xafMt.\x06\x00\x22\xb2\
\xbdA\x7f\x08GZ\xbd\x97<\xa7?\x96\xd2S\xdc\x98\
\x9f\xef\xc1\xf4\xc9)\xfc\xcc?\x99\x06\x03\x00\x11\xd9V\
\xdfP\x10\x87\x9b\xfbq*\xc2\x13\xfb&*#\xc5\x8d\
\x85S3P\x98\x93\x0cn\xfbd6\x0c\x00Dd;\
]^?\x0e5y\xd1\xd6;t\xd1\xb7>c)\xc7\
\x93\x88\x05\x85\x1e\xe4eq\xe3'\xf3b\x00 \x22\xdb\
\x88\xc5q\xbd\xe31\xb6\xf1\xe7g\xf1\x19?\x99\x1f\x03\
\x00\x11Y\x9a\x04\xd0\xd63\x84\x83M\xfd\xe8\x8e\xd1\x89\
}\x97\x93\x9b\x91\x88\xab\xa7e\x22\xc7\x93\xa0d}\xa2\
\x89`\x00 \x22k\x92@S\xf7\x10\xde;\xdd\x07\xef\
PlO\xec\xbb\x10\x01 /3\x19\x8b\xa6\xa7#+\
\x95\x1b?Y\x0f\x03\x00\x11Y\x8a.%Nw\xf8p\
\xb0\xb9\x1f\x03\xc3A\xe3\x07\x10@~F2\xae\x9e\x9e\
\x81\xccT\xb7\xf1\xeb\x13E\x09\x03\x00\x11YB(,\
q\xfc\xcc\x00\x1aZ\xbc\x18\x1eQP\xd6(\x80\xa9\xd9\
\xc9\xb8zz&<I.\xe3\xd7'\x8a2\x06\x00\x22\
2\xb5`H\xc7\xd1\xf6A4\xb4\xf4!\x104\xfe\xf0\
\x1eM\x08L\x9b\x94\x82\x85S\xd3\x91\xc6\x8d\x9fl\x84\
\x01\x80\x88L\xebh\xdb\x00\xeaO\xf6\x22\xa8\xe0\xd4>\
\x87C\xc3\xac\xdcT\xcc/LG\x92\xdba\xf8\xfaD\
\xb1\xc6\x00@D\xa6Tw\xa2\x17\x0d-\xfd\x86\xaf\xeb\
t\x08\xcc\x9e\xe2\xc1\xdc\x02\x8f\xed7~]J\x84B\
\x12\x0e\x87\x80C\xe3\x89\x05\xf1\x86\x01\x80\x88L\xa7\xa9\
k\xc8\xf0\xcd\xdf\xe5\xd40'/\x0ds\xf3=Hp\
\xd9w\xe3\x0f\xeb\x12\xa7:\x06q\xa2\xc3\x87\xee\x81\x91\
\xd1\x13\x12\x05\x90\x91\xec\xc6\xcc\xdcT\xcc\xcaM\x85\xc3\
\xc1\xa2\xd8x\xc0\x00@D\xa6\x22\x01\xd4\x9f\xec1l\
=\xb7K\xc3\xdc|\x0f\xe6\xe6{\xe0\xb2\xf1\xc6\x17\xd6\
%\x8e\xb5_\xe4%J\x09\xf4\xf9\x02\xd8{\xbc\x07\xc7\
\xda\x07\xf1\xb1\x05\x93\xf8\xbeC\x1c`\x00 \x22S\xe9\
\x19\x18\xc1\xa0?\xf6o\xf9'\xba\x1c\x98W\xe0\xc1\xec\
<\x0f\x9c\x0e\xfb\xde\xfe\x1e}\x89r\x00GZ\xbc\xf0\
\x07\xc3\x97\xfd\xf7\xbdC\x01\xfcq\x7f;>]\x92\x87\
$7\xb7\x08;\xe3\x9f.\x11\x99J\x9f/\xb6\x87\xfa\
$%81\xbf\xc0\x83YS\xd2l\xfd\xdc;\x10\xd4\
q\xa4\xd5\x8b#\xad\xdeq\xbfD9\x1c\x08c\xcf\xf1\
\x1e|t\xfe\xe4\x18MGf\xc0\x00@D\xa6\x12\x0e\
\xc7\xa6\xbe'%\xd1\x89\x05\x05\xe9\x98\x91\x9bj\xeb\x8d\
\x7f$\x18Fc\xdb\xc0\xe8\xc6\x1f\x9a\xf8\xa7'Z\xba\
\x860\xe8\x0f!5\x91\xdb\x84]\xf1O\x96\x88L%\
9!\xba?\x96\xd2\x92\x5cXP\xe8\xc1\x8c\xc9\xa9\x10\
\xc2\xbe\x1b\xbfo$\x84\xc3\xcd\xfd8~f\x10a=\
\xf2\x10%\x01\xb4\xf7\x0ecv^Z\xe4\xc3\x91)1\
\x00\x10\x91\xa9LJO\x80&\x04t\x19\xd9&\x96\x9e\
\xec\xc6\xfc\x02\x0f\xa6MN\x81f\xe3\x8d\x7f`8\x88\
CM\xfd8\xd9\xe9\x1b}\xa3?\x8a|*N\x5c$\
\xc30\x00\x10\x91\xa9$\xb8\x1c\x98\x9a\x93\x8cS\x9d\xbe\
\x09}}F\xb2\x0b\xf3\x0a\xd21}r\x8a\xad\x7f\xe3\
\xef\x1b\x0a\xe2`S\x1f\x9a\xba|\xa3\xbf\xae\xc7\x80f\
\xdf\x0fE\x10\x18\x00\x88\xc8\x84\x8agf\xa1\xa3\xdf\x8f\
\xe1\xc0\xe5\xdfZ\x1f\x93\x9d\x96\x80\x85\xd3\xd2\x91\x97\x99\
\x0c\xfbn\xfb\xa3/I\x1el\xeaCs\xd7P\xac\xf6\
\xfd\x0fd$\xb3\xe5\xd0\xce\x18\x00\x88\xc8t\x92\xdc\x0e\
|\xe2\xea\x5c\xfc\xe7\x813\x18\x1a\xb9t\x08\x98\x94\x9e\
\x88\x85\x85\x19\x98\x92\x99h\xd0tjt\xf6\xfbq\xa0\
\xa9\x0fg\xfa\xfc\x86\xac\xe7t\x08\xdb\xff7\x8dw\x0c\
\x00DdJ\xe9\xc9n\xfc\xe3\x92\x02\x1cj\xee\xc7\x89\
3\x83\x1f\xfa\x0c\xbbC\x13\xc8\xcfL\xc2\x9c|\x0f&\
\xa5\xdbw\x93\x92\x00\xda{\x86q\xb0\xb9\x1f]^c\
6\xfe1\xf3\x0b\xd3m}0\x121\x00\x10\x91\x89\xb9\
\x9c\x1a\x8afdb\xf1\x8cL\x0c\x0e\x07\x11\x08\xe9p\
95\xa4\xb8\x1d\xf6>\xaeV\x02M=C8\xd4\xd4\
\x87\xde\xc1\xd8\x9e\x8bp!yYIXP\x98n\xf8\
\xbad,\x06\x00\x222=\x01\xc4\xc5\xd1\xb4\xba\x948\
\xdd\xe9\xc3\xa1f/\xbcC\xc6o\xfc\x9a\x10\x98\x9d\x97\
\x86\x92\x99\x99\xb6~\x81\x92F\xd9*\x00H`i\xe9\
\xd6\xba\xd2P\xd6\xe1\xd7v-_~\xe5o\x0f\x11\x11\
)\x14\xd6%Nv\xf8\xd0\xd0\xdcg\xc81\xc8\xe7\x12\
B`ZN2\x16N\xcb\x80'\x0e\x82\xd6xI\x00\
m=C\xe80\xe8\xfd\x0b\xa3\xd8*\x00\x002O\x08\
\xd4\xbaz\xe7=RV]\xf7\x13\xb7\xcbS\xb5m\xd5\
L{\xfd\x89\x11\x91m\x8cm\xfc\xdf>z\x5c\x00\x00\
\x13vIDAT\x07N\xf7\x8e\xeb\x13\x0f\xd1\x22\x84\
\xc0\xf4I)XX\x98\x8e\xb4dn\xfc\xe7\x91@k\
\xef\x10\x0e\x9c\xeeG\xcf\xe0\x88\xeai\xa2\xcef\x01\xe0\
\x033!\xb1)\x10\xf0\xde[V]\xf7T\xaa\x0c>\
_]\xb1lH\xf5PDD\x00\x10\x0aK\x1c?3\
\x80C\xcd^\xf8\x03\xc6\xff\xc6\xaf\x09\x81i\x93R\xb0\
hZ\x06\x8f\xfa\xbd\x10\x094u\x0f\xe1\xbdS\xbd\xf0\
\x0e\x07UO\x133v\xff\x93\x9f\x06\x89M\x83p}\
\xa7\xac\xaa\xee\xa7A\x04\x9f\xdeU\xb1\xcc\xd8\x92q\x22\
\xa2\xf7\x05\x82:\x8e\xb4y\xd1\xd8\xeaE \x82s\xfa\
'\xca\xa9\x09\xcc\x9c\x92\x86\x05\x05\x1e$E\xf9\xc8e\
;\xd0\xa5\xc4\xe9\x0e\x1f\x0e6\xf7c\xc0\xc6\x1b\xff\x18\
S~\x078\x84\xd4\xa3p\x94\xf5\xd9&\x01x\xd8\x05\
\xd7W\xca\xaa\xea6#,6\xd7\xae/\xea\x8d\xea\x0a\
DD\x17\x11\xad\x82\x9e\x89r:\x04f\xe6\xa6aA\
a:\x92\xdc\x0e\xc3\xd77\xbb\x90.q\xbc}\x00\x0d\
\xcd^\x0c\xc7\xe0\x8eLH\xea\xa6|'\xcd\x94\x01 \
\x14\xd2\x9b\xb4\xd8\x9cA\x99\x05\xa0\x12\x0e\xf9\xf5\xb2\xaa\
\xba\x17ug\xf8\xf1\x9dw-m\x8d\xc5BDD\xbe\
\x91\x10\x0e\xb7xG\x0bz\xc6Y\xc9\x1b\x0d.\xa7\x86\
\xd9SR1\xbf0\x03n\xa7\x8d?69AF=\
\x8aq\xc0q:f\x17\x8f\x80)\x03@8\xbb\xb1I\
\xeb\x9d\xef\x05\xa4'FK\xa4\x02\xd8\xa8\x85\x1ckV\
T\xd7\xff,\x1c\x14O\xee\xdc\xb0\xb8)Fk\x11Q\
\x9c\x19\xf4\x87p\xa4\xd5\x8b\xe3\xed\x03Qi\xe6\x1b\xaf\
D\x97\x03\xb3\xf2\xd20/\xdf\x03\x177\xfe\xf3\x8c\x04\
\xc38\xd2\xeaEc\xdb\x80\x11wd\xfc\x01\xdf\xe0\xd1\
X/2\x11\xa6\xfd\xa0gYu\xfd\x8f!\xe5\xbd\x06\
-\x17\x04\xb0S\x0b\xe3\x91\xed\xeb\x8b\x0f\x1b\xb4&\x91\
!VT\xd5\x87%\xe4\xb8w\x81\xcf]?\x8d\x9b\xc7\
8\xf5\xfb\x02hh\xf1\xe2T\x0c\x9a\xf9\xaeD\xa2\xcb\
\x81\xb9\x05\xe9\x98\x9b\x9f\x06\x87f\xda\x1f\xef\xca\xa8y\
\x14#\xabk+J*\x0cZl\x5cLy\x07\x00\x00\
\x9ca\xfd\xa9\x90&n\x070\xd9\x80\xe5\x5c\x00V\xea\
\x0e\x94\x95m\xdd\xb7SjxlGy\xc9\x01\x03\xd6\
%\x22\x1b0\xb2\xa0\xe7BR\x12\x9c\x98[\xe0\xc1\xac\
)\xdc\xf8/\xc4\xe7\x0f\xa1\xa1e\xf4Hi\x83\xef\xc8\
\xf4\x22\xac=n\xe4\x82\xe3a\xea\xef\x94\xdb\xaa\xf7\xdf\
\xa8I\xfd\xb7\x00R\x0c^Z\x97R\xfc\x9bp\xe0\x91\
\xda5E\xef\x1a\xbc6QT\xf1\x0e@\xectz\xfd\
hh\xf2\xa2\xb5W\xcd\xa7\x8cS\x13\x9d\x98_\x98\x81\
\xabr\xed]}<Q\xde\xe1 \x0e5\xf5\xab\xba#\
\xe3\x17\x12\x9f\xa9Y[\xfc{\xa3\x17\xbeR\xa6\xff\x8e\
)\xdb\xbaw\x0e\x84\xf6\x22\x80\x8f\xa9X_\x00\xbf\x11\
\x1a\x1e\xdd\xbe\xa6\xf8O*\xd6'\x8a\x14\x03@\xf4u\
z\xfd8p\xaa\x0fg\xfa\xd5\x9c3\x96\x9e\xe2\xc6\xfc\
|\x0f\xa6O\xe6\xc6\x7f!}\xbe \x0e5\xf5\xe1t\
\xb7\x0fJn\xc9\x00\xbb\xa5\x90w\x9a\xfdN\xb2e\xbe\
s\xca\xaa\xeb?\x05)\xbf\x07\xe0\x06%\x03\x08\xfcY\
\xeax|GE\xd1/!\x84\x9ao)\xa2\x09`\x00\
\x88\x12\x13\x9c\x0a\x97\x91\xe2\xc2\xbc\xfct\xcc\x98\x9cj\
\xa1\x9f\xde\xc6\xe9\x1d\x0c\xe0P\xb3\xbaG1\x00\xea!\
\xf1\xe3`\xd6\xe1\x1a+\x1cGo\xb9o\xa1\xd2\xaa}\
\x1f\x13R\xdc\x0f\x81\xcf\xa8X_B\xd6\x09)\x9e\xb2\
\xca\x1f0\x11\x03@\x84\xc6N\x85;\xdd\xa7\xa4\xa0\x07\
\x00r\xd2\x12\xb0`j:\xf2\xb2\x92\xad\xf7C\xdb\x00\
\xaa\x1f\xc5X\xf5\x17D\xcb~/\xdd\xb6e\xdf\x12M\
\x13\xdf\x02\xf0\x05\xa8\xf9\xffq\x00\x12O\xb4\xb6\xf7\xd4\
\xbeQy\x93\xf1gy\x12]!\x06\x80\x891\xc3\xa9\
p9\x9eD,(\xf4 ?+Y\xc9\xfafw\xa6\
\xcf\x8f\xf7N\xf7\xa2\xcb\xab\xe8\x9c\xfe\xb1\x8d\x7fm\xf1\
\xffU3@d,\x1b\x00\xc6\xac\xa8\xaa_,!\xef\
\x03P\x06@\xc5\x11W' \xc0\xe2!2-\x06\x80\
\xf1Q]\xd0\x03\x00\xb9\x19\x89\xb8zZ&r<\x09\
J\xd675\x13<\x8a\x01\xf0;\xa1\xe1\xc1\x9a5\xc5\
o\xa9\x1a \x1a,\x1f\x00\xc6\x94\xfd\xb4\xfe*8\xe4\
W\x01T\x00P\xf1\xb7\xe64\x04X<D\xa6\xc3\x00\
peT\x17\xf4\x08\x00y\x99\xc9X4=\x1dY\xa9\
\xdc\xf8\xcf\xa3\xbe\xa0G\x87\xc4\xaf\xe1\x10\x95v\xf9t\
\x98m\x02\xc0\x98\xb2\x9f\xed\x99\x8e\xb0\xe3^\x00k\x00\
$)\x18\xa1\x13\x00\x8b\x87\xc84\x18\x00.MuA\
\x0f\x04\x90\x9f\x91\x8c\xab\xa7g 3\xd5m\xfc\xfa&\
g\x82G1A\x00;%\xc4\xa3;*\x8a\x1aT\x0c\
\x10+\xb6\x0b\x00cVn\xa9\x9b\x1c\xd6\xb0\x1e\xc0\xdd\
\x00\xd2\x8d\x9f@x!\xf4-A\xcd\xf5\xc4\xae\xd5\x8b\
z\x8c_\x9fh\x14\x03\xc0\x85\xa9.\xe8\x11B`\xfa\
\xa4\x14,,LGZ\xb2\xcb\xf0\xf5\xcd\xeeo\x05=\
\xfd\xaa\x1e\xc5\x04\x00\xbc\xaa9\x9c\xdf\xdb\xbez\x91)\
\x8f\xf2\x8d\x94m\x03\xc0\x98;\x9e=\x94\x1dr\x05\xbe\
\x02`#\x80L\x05#\x0c\x02`\xf1\x10)\xc3\x00\xf0\
a\xaa\x0bz4!0mR\x0a\x16M\xcb@j\xa2\
i\x0fcUF\xf5\xa3\x18\x00>\x00/8u\xf9\xc4\
\xcb\xebJZT\x0c`\x14\xdb\x07\x801\xb7<w \
\xd5\xe5\x0a\xdd\x05)\xee\x07d\x9e\x82\x11F\x00\xf9\x92\
\x1er\xfc\x80\xc5Cd$\x06\x80Q\xaa\x0bz\x1c\x9a\
\xc0\x8c\xc9)X4-\x93\x95\xbc\x170vGF\xd9\
\xa3\x18`\x00\xc0\xcf\x83!\xe7c\xbb6,jW1\
\x80\xd1\xe2&\x00\x8c\xb9yscBf\xc2\xf0\x17\x01\
\xf9 \x80B\x05#\xb0x\x88\x0c\x15\xef\x01`\xac\xa0\
\xe7t\xa7\x0f\xba\x82\x82\x1e\xa7C`fn\x1a\x16\x16\
z\x90\xe8\xe6o\xfc\xe7R\xfd(\x06@\x17\x80\xe7\xdc\
n}\xd3\xb6UK\xfaT\x0c\xa0J\xdc\x05\x801\xb7\
\xbcv\xc0\xed\xea\x09\xdd\x06\x81\xef\x00\x98\xab`\x04\x1d\
\x12\xbf\xd6\x04\x1e\xde^Q\xbcG\xc1\xfa\x14'\xe25\
\x00\xa8.\xe8q95\xcc\x9e\x92\x8a\xf9\x85\x19p[\
\xf8\xbfc\xac\xa8~\x14\x03\xe0\x0c\xa4x:U\x04\x9e\
\x89\xd7On\xc5m\x00\x18SY)\xb5#y\xfb?\
\x0f\xa0\x12\x90\x0b\x15\x8c !\xf1+]\xe0\x07;+\
\x8a\xff\xaa`}\xb2\xb9x\x0b\x00\xaaO\x85Kp9\
0;/\x0d\xf3\x0a<p9\xac\xf7\xdf/\xd6\x06\xfd\
!44\xf7\xe1\xf8\x195\x95\xc9\x00NB`\x13\xcf\
na\x00\xf8@e\xa5\xd4\x0eO\xa9\xff'!\xc4\x83\
\x80\xbcF\xc9\x10\x02\x7f\x16:\x1e6s{\x14YO\
\xbc\x04\x00\xd5\x05=\x09.\x07\xe6\x15\xa4cn>+\
y/d\xecQ\x8c\xa2f>\x008\x06\x88'Z\xdb\
\xba_\xe4\xe9\xad\xa3\xf8]z\x01\xef\xf7\x0d|\x17\x02\
\x9fT2\x80E\xcf\x95&s\xb2u\x000\xc1\xa9p\
)\x09N\xcc-\xf0`Vn*\x1c\xfc\x8d\xff<,\
\xe81/\x06\x80K`\xf1\x10\xd9\x81-\x03\x80\x09\x0a\
zR\x12\x9d\x98\x9b\xef\xc1\xac)\xfc\x8d\xffBT?\
\x8a\x11\x90\x7f\xd1\xa5\xf8!\x7f\x91\xba8~\xd7^\x81\
\xb2\xea\xbd%\x90\xda\xb7\xc1\xe2!\xb2 ;\x05\x00\x13\
\x9c\x0a\x87\xf4d7\xe6\x17x0mr\x0a4\xc1\x1f\
\xa1\xe7bA\x8fu\xf0\xbbw\x1cVn\xa9\xbb:\xac\
\xe1\x1b\x00J\x01\xa8\xf8<\x0f\x8b\x87h\xdc\xec\x10\x00\
\xccP\xd0\x93\x91\xec\xc2\xbc\x82tL\x9f\x9c\x02\xc1\x8d\
\xff\xc3L\xf0(\x06\xc0\xef\xa4\x14\x0f\xedX[\xf4\xa6\
\xaa\x01\xac\x86\xdf\xc5\x13\xc0\xe2!\xb2\x12+\x07\x00)\
%\x0e\xb7z\xd1\xd0\xec\xc5HP\xcd\xc6\x9f\xe3I\xc0\
\xc2\xc2\x0cL\xc9J\xe2\x0f\xccs\x99\xa4\xa0G\x87\xf6\
\xdd\x9dk\x17\xefV1\x80\x95\xf1\xfb9\x02wT\x1d\
\x98\x16B\xe8k`\xf1\x10\x99\x98U\x03\x80?\x10\xc2\
\xff;\xd0\x81>\x9f\x9ag\xfc\x93\xd3\x13\xb1pZ\x06\
r\xd3\x13\x95\xacof&x\x14\xa3\x03\xf8\x97\xb0\xa6\
=\xfc\xea\x9a\xc5\x87T\x0c`\x07\x0c\x00Q\xc0\xe2!\
23+\x06\x80\xb0.\xf1\xdb}mJ^\xf0\xcb\xcb\
L\xc2\xc2\xa9\xe9\xc8\xf1p\xe3?\x97Y\x0az \xf5\
\xef\xd7\xae]\xd2\xa8b\x00;a\x00\x88\xa2\x15\x9b\xdf\
\xf2Hw\xf2:\x08\xf9\x0d\x00Y\x0aF`\xf1\x10\x9d\
\xc7\x8a\x01\xa0\xfed/\x0e5\x1bwSK\x00(\xc8\
N\xc6\x82\xa9\x19\xc8b%\xefy\xccR\xd0#4<\
Y\xb3\xa6\xb8Y\xc5\x00v\xc4\x00\x10\x03\x7f+\x1e\xc2\
7\x00\xe4+\x18\x81\xc5C\xf4\x01\xab\x05\x80\xb0.\xf1\
o\x7fmB\xd0\x88\xe3a\x050-g\xb4\x927=\
\x85\x1b\xff\xb9X\xd0co\x0c\x001tV\xf1\xd0\x03\
\x00\xa6*\x18\x81\xc5Cd\xb9\x00\xd0\xe5\xf5\xe3\xf7\xf5\
\xb1\xfdY?V\xc9\xbb\xb00\x1di\xc9\xae\x98\xaee\
Ef)\xe8AX\xfc\xa4v}Q\xaf\x8a\x01\xe2\x01\
\x03\x80\x01\xca\xabv\xbb\x06\xa5\xab\x14\x02\xdf\x060O\
\xc1\x08,\x1e\x8acV\x0b\x00\xa7;}x\xf3pg\
L\xae\xfd\xc1\xc6?5\x1diI\xdc\xf8\xcfe\x82\x82\
\x9e\x0e\x00[\xc4\xc8\xf0S5\x1b\xaf\xf7\xaa\x18 \x9e\
0\x00\x18\xe8o}\x03\xa8\x04\xb0T\xc1\x08\x12\x12\xbf\
\x82\x94\xdf\xaf]W\xf2\xb6\x82\xf5I\x01\xab\x05\x80\x96\
n\x1f\xfe\xebPt\x03\x80C\x13\xb8jJ\x1a\x16\x14\
\xa6#\xc9\xed\x88\xea\xb5\xed\xc0\x04\x05=\xa7 \xf0t\
p\xd0W\xbd\xeb\xde\x1b\x87U\x0c\x10\x8f\x18\x00T\x90\
R\x94V\xd5\x7fFhx\x00\x12\xd7*\x99\x81\xc5C\
q\xc3j\x01``8\x88_\xbf\xdb\x12\x95k9\x1d\
\x02\xb3\xf3<\x98W\xe0A\xa2\x8b\x1b\xff\xb9LP\xd0\
s\x1c\x10\x8f\xa7\x22\xf0\xf3\xea\x8aej\x8ev\x8cc\
\x0c\x00\x8a\x95V\xed\xfb\x98\x80\xa8\x04\xf0\x0fJ\x06`\
\xf1\x90\xedY-\x00\x00\xc0o\xf7\xb5\xa2wp\xe2\x1f\
\x01t94\xcc\xcd\xf7`n\x81\x07n\x93\x9cfh\
&&(\xe8\xd9\x0f\x89\x1f\xb1\xe7D-\x06\x00\x938\
\xabx\xe8\x9f\xa0\xe0\xcf\x85\xc5C\xf6e\xc5\x00\xd0\xd1\
\xef\xc7\x1b\xfb\xdb\xc7\xbd9%\xb8\x1c\x98\x9d\x97\x86y\
\x05\x1e\xb8\xd8\xccw\x1e\xd5\x05=\x00\xf6\x02\xe2\xb1\xda\
\xf2\xc5\xbf\xe0/\x1c\xea1\x00\x98\xcc\xed[\xdf+\xd6\
E\xf8k\x00\xca\x00\xa8\xb8g\xc9\xe2!\x9b\xb1b\x00\
\x00\x80\xfd\xa7zq\xb0\xe9\xca\xce\x02Ht;1\xbf\
 \x0d\xb3\xf2<p\xb2\x99\xef<,\xe8\xa1\x0b\xe1\xdf\
\x14\x93*\xad\xde\xb7HHq?X<D\x11\xb2j\
\x00\x00\x80\xa3m\x03\xa8;\xd9\x83P\xf8\xc2\xbf,&\
'8\xb0\xa00\x033sSY\xc9{.3\x14\xf4\
\x08\xfcY\x0a<\xb4cM\xf1\x1f\xd4\x0c@\x97\xc2\xbf\
1&\xb7\xf2\xf9\xba\x99a\x1dw\x03(\x07\xa0\xe2l\
R\x16\x0fY\x9c\x95\x03\x00\x00\x04C:Nt\x0c\xa2\
w0\x80\xc1\xe1 \x1c\x9a@R\x82\x13\xf9\xd9\xc9(\
\xc8Jb%\xef\xb9LR\xd0#4\xfd{5\xe5K\
\xdeQ1\x00]\x19\xfe\xcd\xb1\x88\xb3\x8a\x87V\x03H\
V0\x02\x8b\x87,\xca\xea\x01\x80\xae\x8cY\x0az\x84\
\x0cW\xd6\xac]zP\xc5\x004>\x0c\x00\x16s\xcb\
\x8b{&\xb9\x82\x8e\x0d\x00\xbe\x0a \xc3\xf8\x09X<\
d5\x0c\x00\xf6f\x96\x82\x9e\xb0\x90?x\xb5\xbc\xe4\
\x88\x8a\x01hb\x18\x00,\x8a\xc5Ct\xa5\x18\x00\xec\
\xc9\x04\x05=#\x80|Ih\xe2\xfb,\xe8\xb1&\x06\
\x00\x8bc\xf1\x10]\x0e\x03\x80\xbd\x98\xa0\xa0g\x10\xc0\
\x8b\x1a\x82?\xdc^\xb1\xacM\xc5\x00\x14\x1d\x0c\x006\
q\xf3\xe6\xc6\x84L\xf7\xd0\xad\x10x\x08\xc0,\x05#\
\xb0x\xc8\xa4\x18\x00\xec\xc1\x04\x05=\xdd\x00\x9e\x0d:\
\x9c\x9b\xf9\xf8\xcf\x1e\x18\x00l\x86\xc5Ct.\x06\x00\
k3KA\x0f_\x00\xb6\x1f\x06\x00\x9bb\xf1\x10\x8d\
a\x00\xb0&\x13\x14\xf4\x9c\x86\xc0S,\xe8\xb1/\x06\
\x00\xbb{\xbfxH\x13\xf8\x8e\x04\xaeS2\x03\x8b\x87\
\x94b\x00\xb0\x16S\x14\xf4\x08l\xee\xf5'o}}\
\xe3\x1cE'\x08\x91\x11\x18\x00\xe2\xc8Y}\x03\x9fQ\
2\x00\x8b\x87\x94`\x00\xb0\x06\xd5\x05=\x12xOH\
<\xc9c\xc0\xe3\x07\x03@\x1cZ\xb1e\xefG\xa5\xd0\
\xbe\xa9\xbaxhn{\xd1\xf6\xcaJ\xa1\xe4\xa1f<\
a\x0007\x13\x14\xf4\xec\x03\xc4\xa3,\xe8\x89?\x0c\
\x00qLu\xf1\x10\x7f\xe30\x06\x03\x809\xb1\xa0\x87\
Tc\x00 \x16\x0f\xd9\x1c\x03\x80\x89\x98\xa4\xa0\x87\xef\
\xe4\x10\xc0\x00@g\xb9m\xcb\xde\x19\x9a\xa6\xdd\x03\x16\
\x0f\xd9\x0a\x03\x80\x09\xa8/\xe8\xe1\xa7r\xe8<\x0c\x00\
t\x9e\xd2\xe7\xf7\xe7\x0a\x19\xbe\x07R|\x05,\x1e\xb2\
<\x06\x00uLQ\xd0\xc3s9\xe8\x22\x18\x00\xe8\xa2\
X<d\x0f\x0c\x00\xc63AA\x0fO\xe6\xa4\xcbb\
\x00\xa0\xcb\xfa\xd2\x0b\x0di\xfe``=\x84\xbc\x0f@\
\xb6\x82\x11X<\x14\x01\x06\x00\xe3\x8c\x15\xf4(\xdc\xf8\
\xd9\xcdAW\x8c\x01\x80\xae\xd8\xca\x97\xebR\xc2~\xac\
\x96\x12\xf7\x09\xa0@\xc1\x08\xfc\xe16\x01\x0c\x00\xb1g\
\x96\x82\x1e\x86d\x1a\x0f\x06\x00\x1a\xb7[^;\xe0v\
\xf5\x84n\x83\x90\x0f\x02b\xb6\x82\x11x{s\x1c\x18\
\x00bG}A\x0f\x1f\x93\xd1\xc41\x00\xd0\x84\x9dU\
<\xf4-\x00\xf3\x15\x8c\xc0\x17\x9c\xae\x00\x03@\xf4\x99\
\xa0\xa0\x87/\xcaR\xc4\x18\x00(bg\x15\x0f=\x0c\
\xe0#\x0aF\xe0G\x9c.\x81\x01 z\xccR\xd0\xc3\
\x8f\xcaR40\x00PT\x95U\xd7\x7f\x0a\xba\xfc>\
\x04\xaeW2\x00\x0f99\x0f\x03@\xe4LP\xd0\xc3\
\xc3\xb2(\xea\x18\x00(&X<d\x1e\x0c\x00\x13\xa7\
\xba\xa0\x07\xc0\x01H<\xc1\xe3\xb2)\x16\x18\x00(\xa6\
X<\xa4\x1e\x03\xc0\xf8\xa9.\xe8\x19\xfb\xbe\x0df\x1d\
\xae\xd9\xb5|\xb9\x92\xcf\x13\x92\xfd1\x00\x90!J\x9f\
\xdf_$t\xfd\xeb`\xf1\x90\xe1\x18\x00\xae\x9ci\x0a\
zx\xe7\x8a\x0c\xc0\x00@\x86\xba\xb5j\xff,\x07\xc2\
\xdf\x00\xc4\x97\xc0\xe2!C0\x00\x5c\x86I\x0az\xd8\
\xccGFc\x00 %X<d\x1c\x06\x80\x8b0I\
A\x8f.\xf0\x83\x9d\x15\xc5\x7fU1\x00\xc57\x06\x00\
R\x8a\xc5C\xb1\xc7\x00\xf0a,\xe8!\x1a\xc5\x00@\
\xa6PZ\xb5;G\xc0\xf5e\xb0x(\xea\x18\x00F\
\xb1\xa0\x87\xe8\xc3\x18\x00\xc8T\xbe\xf4BC\x9a?<\
\xf2%!\xf1M\x09LQ0\x82\xed\xceT\x8f\xf7\x00\
`\x82\x82\x9e\x00\x80W\xc3\xd0\xbe\xfbj\xc5\xe2c*\
\x06 \xba\x10\x06\x002%\x16\x0fEO\xbc\x06\x00\x16\
\xf4\x10]\x1a\x03\x00\x99\xda\xdf\x8a\x87\xf0\x00\x809\x0a\
F\xb0\xfcm\xdbx\x0b\x00f)\xe8q\x06\x12\x9e|\
\xf9\xcb\x0b\xba\x15\x0c@tE\x18\x00\xc8\x12\xc6\x8a\x87\
\x84\xc07%\xb0@\xc1\x08\x96}q+^\x02\x80Y\
\x0az\xdcn}\xd3\xb6UK\xfaT\x0c@4\x1e\x0c\
\x00d)g\x15\x0f=\x04`\x99\x82\x11,W<d\
\xf7\x00`\x82\x82\x9e3\x90\xe2\xe9T\x11x\xc6\xee\x1f\
)%{a\x00 \xcb*\xab\xae\xff\x14\xa4\xfc\x1e\x80\
\x1b\x94\x0c`\x91\xe2!\xbb\x06\x00\x13\x14\xf4\x9c\x84\xc0\
\xa6x:T\x8a\xec\x85\x01\x80,\x8f\xc5C\x97f\xb7\
\x00\xa0\xbe\xa0G\x1c\x84\x94\x8f\xc7\xe3\xb1\xd2d/\x0c\
\x00d\x1b\xb7m\xd9\xb7D\xd3\xc4\xb7\x00|\x01,\x1e\
\xfa\x80]\x02\x80\xea\x82\x1e\x00\xf5\x90\xf81\x0bz\xc8\
.\x18\x00\xc8vVT\xd5/\x96\x90\xf7\x81\xc5C\x00\
\xac\x1f\x00X\xd0C\x14\x1b\x0c\x00d[g\x15\x0f\xad\
\x02\xe0R0\x82)\x8a\x87,\x19\x00X\xd0C\x14s\
\x0c\x00d{e?\xdb3\x1da\xc7\xbd\x00\xd6\x00H\
R0\x82\xd2\xe2!K\x05\x00\xf5\x05=\x00\xf0;\xa1\
\xe1\xc1\x9a5\xc5o\xa9\x1a\x80\xc8\x08\x0c\x00\x147V\
n\xa9\x9b\x1c\xd6\xb0\x1e\x10\xf7\x00\xd2\xa3`\x04%\xc5\
CV\x08\x00f)\xe8\x81CT\xd6\xae)zW\xc5\
\x00DFc\x00\xa0\xb8sV\xf1\xd0F\x00\x99\xc6O\
`l\xf1\x90\x99\x03\x80Y\x0az$\xc4\xa3;*\x8a\
\x1aT\x0c@\xa4\x0a\x03\x00\xc5\xad\xb1\xe2!Hq?\
 \xf3\x14\x8c`\xc8Y\xf1f\x0c\x00f)\xe8\xd1\x1c\
\xce\xefm_\xbd\xe8\xa8\x8a\x01\x88Tc\x00\xa0\xb87\
V<\x04\x89\xaf\x03(T0BL\x8b\x87\xcc\x14\x00\
LP\xd0\xe3\x03\xf0\x82S\x97O\xbc\xbc\xae\xa4E\xc5\
\x00Df\xc1\x00@\xf4>\xbb\x16\x0f\x99!\x00\xa8/\
\xe8\xc1\x00\x80\x9f\x07C\xce\xc7vmX\xd4\xaeb\x00\
\x22\xb3a\x00 :Ge\xa5\xd4\x8e\xe4\xed\xff\xbc\x80\
\xfc\xae\x1d\x8a\x87T\x06\x00\x13\x14\xf4t\x01x\x8e\x05\
=D\xe7c\x00 \xba\x88\xbf\x15\x0f\x89\x07\x01y\x8d\
\x82\x11\xa2R<\xa4\x22\x00\xb0\xa0\x87\xc8\xfc\x18\x00\x88\
\xae\x80\x95\x8b\x87\x8c\x0c\x00f)\xe8\x09\x0e\xfa\xaaw\
\xdd{\xe3\xb0\x8a\x01\x88\xac\x82\x01\x80h\x1c\xacX<\
dD\x00P_\xd0\x83c\x80x\xa2\xb5\xad\xfbE3\
\x1c\xbfLd\x05\x0c\x00D\x13`\xa5\xe2\xa1X\x06\x00\
\x16\xf4\x10Y\x17\x03\x00Q\x04\xacP<\x14\x8b\x00\xa0\
\xbc\xa0\x07\xd8\x0b\x88\xc7j\xcb\x17\xff\x82\x05=D\x13\
\xc3\x00@\x14\x05e?\xad\xbf\x0a\x0e\xf9U\x00\x15\x00\
\x12\x14\x8cp\xd1\xe2\xa1\xa8\x05\x00\x16\xf4\x10\xd9\x0a\x03\
\x00Q\x14\x99\xb1x(\xe2\x00`\x92\x82\x1e)\xc5C\
;\xd6\x16\xbd\xa9j\x00\x22\xbba\x00 \x8a\x81\xbf\x15\
\x0f\xe1n\x00\xe9\x0aF\xf8\xa0x\xc8\x0dw\xcfD\x02\
\xc0\xff\xbcv*\xda{\x87\x95\x17\xf4\xe8\xd0\xbe\xbbs\
\xed\xe2\xdd*\x06 \xb23\x06\x00\xa2\x18*\xad\xda\x9d\
#\x84\xf3\xab\x90\xe2\xcb\x002\x14\x8c\xd0\x03 k\x22\
_\x98\xe8v\xc0\xaf\xe6\x9c\xfe\x10\x04j\xa5\x14\x8f\xb1\
\xa0\x87(v\x18\x00\x88\x0cp\xcbs\x07R]\xae\xd0\
]\x0a\x8b\x87\xac \x00\xe0UH\xfd\xfb\xb5k\x974\
\xaa\x1e\x86\xc8\xee\x18\x00\x88\x0ct\xf3\xe6\xc6\x84\xcc\x84\
\xe1/\x02\xf2A\xa8)\x1e2#\x1f\x80\x17\x84\x86'\
k\xd6\x147\xab\x1e\x86(^0\x00\x10)pV\xf1\
\xd0w\x00\xccU=\x8f\x22\x03\x00~\xae!\xf8\xc3\xed\
\x15\xcb\xdaT\x0fC\x14o\x18\x00\x88\x14\x1a+\x1e\x02\
P\x09\xc8\x85\xaa\xe71H\x17\x80\xe7\x10\x16?\xa9]\
_\xd4\xabz\x18\xa2x\xc5\x00@d\x06R\x8a\xd2\xaa\
\xfa\xcf\x08\x0d\x0f@\xe2Z\xd5\xe3\xc4H\x07\x80-b\
d\xf8\xa9\x9a\x8d\xd7{U\x0fC\x14\xef\x18\x00\x88L\
\xa6\xb4j\xdf\xc7\x04D%\x80\x7fP=K\x94\x9c\x82\
\xc0\xd3,\xe8!2\x17\x06\x00\x22\x93R^<\x14\xb9\
\xe3\x80x<\x15\x81\x9fWW,Sv\x82\x10\x11]\
\x18\x03\x00\x91\xc9\x95U\xef-\x81\xd4\xbe\x0dE\xc5C\
\x13\xb0\x1f\x12?bA\x0f\x91\xb9Y\xe1\x87\x09\x11\x01\
X\xb9\xa5\xee\xea\xb0\x86o\x00(\x05\xe0T=\xcf\x05\
\xb0\xa0\x87\xc8B\x18\x00\x88,f\xe5\xf3u3\xc3:\
\xee\x86\xba\xe2\xa1\x0fcA\x0f\x91%1\x00\x10Y\xd4\
h\xf1\x90v\x1f \xee\x02\x90h\xf0\xf2\x12\x02\xaf\xeb\
\xd0\x1e\xd9Y\xbe\xf8/\x06\xafMDQ\xc0\x00@d\
q\xb7\xbc\xb8g\x92+\xe8\xd8\x00c\x8a\x87tH\xfc\
Zh\xfa\xf7j\xca\x97\xbc\x13\xe3\xb5\x88(\x86\x18\x00\
\x88l\xe2\x8eg\x0fe\x87\x9d\xc1\x8dR\xc8\xaf\x00\xc8\
\x8c\xf2\xe5C\x02b'd\xe8\xb1\x9a\xb5K\x0fF\xf9\
\xdaD\xa4\x00\x03\x00\x91\xcd\xac\xd8\xfc\x96GOH\x5c\
/ \xee\x0109\xc2\xcb\x05\x00\xb9\x0da\xed\xf1\xda\
\xf5E\xc7\xa31\x1f\x11\x99\x03\x03\x00\x91M\x95W\xed\
N\x1e\x84k5\x80\xfb0\xfe\xe2\xa1\x11@\xbe$4\
\xf1}\x16\xf4\x10\xd9\x13\x03\x00\x91\xcd\x95W\xedv\x0d\
\xea\x8e\x15R\x88MB\x88K\xbe# \x81\x11\x0d\xe2\
iM\x97O\xbf\xb2\xae\xb8\xc3\xa8\x19\x89\xc8x\x0c\x00\
Dq\xe2\xef+\xff\xe8\xcc\xcf\xcb|\x1a\x10_\x02\x90\
|\xf6\xff&\xa5\x1c\x16\x02/ \xac=\xc4\x82\x1e\xa2\
\xf8\xc0\x00@\x14\x87J\xab\xf7|B\xc0\xf9q\x01=\
A\x17\xe2\x8f;V\x17\xfd\x91\x87\xf7\x10\x11\x11\x11\x11\
\x11\x11\x11\x11\x11\x11\x11\x11\x11\x11\x11\x11\x11\x11\x11\x11\
\x11\x11\x11\x11\x99\xd1\xff\x07\xe6m Z\xff\x1a\xec\x97\
\x00\x00\x00\x00IEND\xaeB`\x82\
\x00\x00CQ\
\x89\
PNG\x0d\x0a\x1a\x0a\x00\x00\x00\x0dIHDR\x00\
\x00\x02\x00\x00\x00\x02\x00\x08\x06\x00\x00\x00\xf4x\xd4\xfa\
\x00\x00\x00\x09pHYs\x00\x00v\x1c\x00\x00v\x1c\
\x01\xa7\xc2x\xea\x00\x00\x00\x19tEXtSof\
tware\x00www.inksca\
pe.org\x9b\xee<\x1a\x00\x00 \x00ID\
ATx\x9c\xed\xddy|\x5cu\xbd\xc6\xf1\xe7{&\
IK)\x14\x95\xed\x22K\x9b\xa4\x80\x94\x8bh\xd5\xab\
\x80Zd\xdf\xa1\xd0\x82l\xb2(\xb8\x81;\xc8\x15t\
d\x13qW\xbcW\xd6\xd6\x96E[\xcaNYZh\
\x91\x02z\x017\xac\xd2\x92\xa4e\x97\xb5\x94\xaei2\
\xe7{\xff\xe8B\x96\x99\xc9Lf&\xbf3\x99\xcf\xfb\
\xf5R\x923\xe7\xfc\xce\x93I\x9a\xf3\xe4w\xce\x9c\x91\
\x00\x00\x00\x00\x00\x00\x00\x00\x00\x00\x00\x00\x00\x00\x00\x00\
\x00\x00\x00\x00\x00\x00\x00\x00\x00\x00\x00\x00\x00\x00\x00\x00\
\x00\x00\x00\x00\x00\x00\x00\x00\x00\x00\x00\x00\x00\x00\x00\x00\
\x00\x00\x00\x00\x00\x00\x00\x00\x00\x00\x00\x00\x00\x00\x00\x00\
\x00\x00\x00\x00\x00\x00\x00\x00\x00\x00\x00\x00\x00\x00\x00\x00\
\x00\x00\x00\x00\x00\x00\x00\x00\x00\x00\x00\x00\x00\x00\x00\x00\
\x00\x00\x00\x00\x00\x00\x00\x00\x00\x00\x00\x00\x00\x00\x00\x00\
\x00\x00\x00\x00\x00\x00\x00\xd5\xc4B\x07\x00P\xba\xe6\xb3\
f\x0e\xf1\xbah;\xeb\xf0m\x15\xd9v\xaex{I\
\xdb\x9a\xb4m\x1cG\x9b\x9a|cI\x1bI\x1a*i\
\xb8\xe4\xf5\x92F\xc8\x15\xb9\xb4\xc2\xa45\x92\xe4\xf2\xb7\
L\xb6J\xeeoHz\xc3\xa57\x22\xb3\xd7=\x8e_\
\xf4\xc8\x16EJ-\x1a\xb6\x91-\xfe\xfb\x8f\x0fX\x11\
\xee\xab\x05P\x0e\x14\x00\xa0\x9a\xa4\xd3Q\xe3\x9b{4\
E\x96\xd9=\xf6\xe8\x03f\xbe\xbb\xdcv\x93\xfc\xbd\x92\
$\xf7\xec\xdb\xf5Z\xec9\x96w}8\xefX\xafJ\
\xfa\x87\x5cOY\xe4O\xc5\x19\xfb\xdb\x9aa+\xe6\xbf\
\xf0\xb3\x89\xab\x0a\xffb\x00\x84D\x01\x00\x12l\xcc\x17\
\xe7\x0c_U\xbff\x9c\x99\xef+\xf7\x0fI\xb6\x9b\xa4\
Mr\x1f\xb8\x07\xac\x00d\x1b\xab\xc3\xa4\xbf\xc8\xf5\xa8\
\xe4\x8ftx\xfd#\xcf^u\xe0\xcb9\xf6\x00 0\
\x0a\x00\x90$\x13\xa6\xa5\x9a\xfec\xc4\xeen\xbe\xaf\xb9\
\xed+\xd3'$5\xac}\xb0\xcb\x917\x99\x05 \x9b\
6\xb9f\x9b\xfc\xae\xce\xf6\xe1\xb3\x16O\xde{u\x8e\
=\x02\x18`\x14\x00 \xb0\x91\xe99C\xa3\xb7V\x1f\
l\x16\x1d'\xd7\x81\x926\x91\x94\xfb@\x9b\xf5\xb1\xf5\
\xcb\x13W\x00\xba\x8e\xb5\xd2\xa4\x07]\x9a\xee>\xf4\xf6\
\xb6\xab\xf6[\x9ac\x0b\x00\x03\x80\x02\x00\x040.=\
\xa7\xee\xf9\xa5\x99}#\xc5\xc7\xc5\xeeGI\xda\xb4\xd7\
J\x83\xaf\x00t\xd5.\xd7}.\xfd~\xf8\xaa\x86\xdb\
\xff>\x95\x8b\x0a\x81\x81F\x01\x00\x06\xd0\x8e_\xbf\xf7\
\xfdqlg\xcal\x82\xa4\xcd%\xc9\x8b=hg}\
l\xfd\xf2\xaa)\x00]\x17\xbd-\xd7\x8df\xba\xba\xe5\
\xaa\xc3\xfe\x9cc\x14\x00eF\x01\x00*m\xc2\xb4\xd4\
\xe8\xed\xdfu\x84\xc7~\x96\xa4q=\x1f\xa6\x00ta\
\xfe\xa4b\xbb2\xd31|*\xd7\x0b\x00\x95E\x01\x00\
*\xa4\xf9\xac\x99\x9bZC\xdd\xa9\xb1\xeb\xab&\x8d\xcc\
y<\xa5\x00t_\xb8v\xf9k&]\x97\xca\xf8/\
\x17\x5cw\xc4K9F\x06P\x02\x0a\x00Pf\xa3\xbe\
2{\xab(\xd2yf\xfeY\xad\xbd\x01\xcfZ\x14\x80\
>\xc6Y\xb7\xb0\xfb\xf2U\xe66\xd93\x99\x1f\xb4N\
:\xf2\xf9\x1c{\x00\xd0\x0f\x14\x00\xa0Lv:g\xde\
&\x99x\xe5\x17\x15\xdb\x7fk\xc3E}}\x1f\xb4)\
\x00=\x16f\x1fg\x8d\x5c\x93\xebb\xff>3\x02@\
yP\x00\x80\x12\x8d\xf9\xe2\x9c\xe1\xab\x87v~\xc5L\
\xdf\x94\xb4Y\xf7\x03\x18\x05\xa0L\x05`\xfd8\xab$\
\xfdOG}\xea\x92\xe7\xfe\xf7\xd0%9\xd6\x04P\x00\
\x0a\x00\xd0_\x13\xa6\xa5\x9avx\xd7\x17\xccu\x81\xa4\
-7,\xa7\x00\x146V\xff\x0a\xc0\xfa\xcf\xde0\xb3\
\xefn\xfb\xdeM\xae\x9a\x9b\xde\xbb3\xc7\x16\x00\xf2\xa0\
\x00\x00\xfd\xd0x\xce\xfd\x1f\x8a:\xedJ\x99>\xd8\xeb\
A\x0a@ac\x95V\x00\xd6-\xf3\x7f\xb8\xebkm\
\xd7\x1d9;\xc7V\x00r\xa0\x00\x00Eh<w\xd6\
\x08\xcb\xd8\x85&\xff\x92\x5c\xa9\xac+Q\x00\x0a\x1b\xab\
,\x05`\xc3G\xd3-\xae\xffR\xcb\xa4\x83_\xcb\xb1\
5\x80\x1e\xa2\xd0\x01\x80j\xd1\xfc\xcd\x07\x0e\x8b2\xf6\
\x94IgK9\x0e\xfe\x08e\x82G\x1d\x0b\x9aN\xbb\
\xf5\x0c\xc9\xf9\xc3\x06(\x00\xffP\x80>4\x9f7s\
\x0bu4\x5c+\xe9\xb0w\x96\xf6\xf5\x97j\x96O\x98\
\x01\xe8c\x9cu\x0b\xfb7\x03\xb0\xees\x97\xa4{\xeb\
d\xa7\xf3j\x01 ?f\x00\x80<\x1a\xbf~\xff>\
\xeah\xf8\xab\xba\x1d\xfc\x91p\x07v\xca\xe77\x9d~\
\xfbq\xa1\x83\x00I\xc6\x0c\x00\x90\xc5\xb8\xf4\x9c\xba\x17\
Vv\x9e\xaf\xd8.P\xd6\xa2\xcc\x0c@\xc9cUn\
\x06\xa0\xab\xa9C\x87\xae\xf9\xe2\xfc\xff\x99\xb8<\xc7\xa8\
@\xcd\xa2\x00\x00=4~}\xf6\x8eQ\x9dn\x94k\
l\xce\x83\x11\x05\xa0\xf4\xb1\x06\xa6\x00H\xae\x7f\xc6f\
\xe3\x17]w\xc4\x82\x1c#\x035\x89S\x00@\x17\xcd\
\xe7\xcc>&\x8a\xf4\xa4\x5ccCgA\xd9\xec\x12\xb9\
\xff_\xd3)\xb7\x1e\x19:\x08\x90$\xcc\x00\x00\x92$\
\xb7\xd1\xdfz\xf0;.]\xd8\xed*rf\x00*7\
\xd6\xc0\xcd\x00lx\xd0\xa5\xcb\xda\x96w\x5c\xa0\xe9\x13\
39\xf6\x02\xd4\x0c\x0a\x00j^\xf3Y3\x87hh\
\xc3U\x92\x9d\xbcvI\x01\x07Z\x0a@\xe9c\x0d|\
\x01X\xfb\x1f\xb3{\xebd\x13\x17\x5cw\xc4\xb2\x1c{\
\x02j\x02\x05\x005m\xc7o\xcc\xd9<N\xc53\xe4\
\xfa\xc4;K)\x00\x83\xba\x00H2\xd7\xdfT\x17\x1f\
\xdar\xcd\xd1/\xe4\xd8\x1b0\xe8q\x0d\x00jV\xd3\
7\xe7\xec\x1a\xa7\xe2'\xa4\xae\x07\x7f\xd4\x02\x97\xde\xef\
\x9d\xd1\xbc\xe6So\xdb%t\x16 \x14\x0a\x00jR\
\xf3\xb7\x1e\xf8\xa0E\xf1\x1cI;\x84\xce\x82`vp\
\xf7G\x9aO\x99\xf1\xd1\xd0A\x80\x10(\x00\xa89\x8d\
\xe7\xcc\xf9\x90L\xb3$m\x1e:\x0b\x82\xdb\xcc=\x9a\
\xd5t\xea-\x9f\x0a\x1d\x04\x18h\x14\x00\xd4\x94\xc6s\
g\xed\x15Y\xfc\x80\xa4w\x87\xce\x82\x840\x0d\x97\xeb\
\xce\xe6\x93n> t\x14` Q\x00P3\x1a\xcf\
yp\x9f\xc8\xa3\xfb\xe4\xda4t\x16$\xce0\x8f\xa2\
\xdb\x9b?s\xeb\xfe\xa1\x83\x00\x03\x85\x02\x80\x9a\xd0|\
\xee\x83\x07D\xe6wI\x1a\x16:\x0b\x12k\x88\xcbo\
\x1du\xcam\x1f\x0f\x1d\x04\x18\x08\x14\x00\x0czM\xdf\
~p\xac\xa4\x9b%\x0d\x0d\x9d\x05\x897,\xf2\xf8\xae\
\xc6Sf|8t\x10\xa0\xd2(\x00\x18\xd4v\xfc\xf6\
\xecFs\xdd-ix\xe8,\xa8\x1a\x9bFn\xf76\
\x9f\xc0K\x041\xb8Q\x000h\xed|\xde\xec\xf7d\
<\x9a)i\xab\xd0YP]\x5cz\xb7\xa7\xe2\xbbG\
\x9e2m\xeb\xd0Y\x80J\xa1\x00`P\xda\xf6k\x8f\
n\xd4\x19Gw\x98\xb4S\xe8,\xa8Z#Sq\xdd\
]\xbb\x9d4e\xe3\xd0A\x80J\xa0\x00`\xf0\x990\
-5t\xc8\xea\xdfI\xda#t\x14T\xbd\xb1+l\
\xd8\x0dJ\xa7\xf9]\x89A\x87\x1fj\x0c:\xa3\x9b\xde\
\xf3}\xb9\x0e\x0f\x9d\x03\x83\x85\x1d\xd1\xb4h\xb7\x0bC\
\xa7\x00\xca\x8d7\x03\xc2\xa0\xd2x\xde\x83\x07G\xae;\
\xe5\xd9\xcam\xf9\xde\xc0\x877\x03*\xc3X\x01\xdf\x0c\
(\xeb\xd7\xd0k\xac\xee;v\xf3\x09m\xbf=fF\
\x8et@\xd5\xa1\x00`\xd0h<w\xd6\xf6\x91\xa5\x9e\
\x94\xb4y\xff\x0e.Y>\xa1\x00Tn\xac\xea*\x00\
\x92\xb4,r\xfb\xafg\xa6\x8e\xffW\x8e\x84@U\xe1\
\x14\x00\x06\x85\xe6\xb3f\x0eIY\xdd\xcd\xe2\xfe\xfe\xa8\
\x9cMb\xf9\xf4m\xce\xb8\x93\x9bIaP\xa0\x00`\
p\x18>\xf4g.\xe7\xe6-\xa8\xb41\xc3V\xaf\xf9\
q\xe8\x10@9P\x00P\xf5\x9a\xcf}p\xa2\x5c_\
\x08\x9d\x03\xb5\xc1]_h>q\x06\x17\x99\xa2\xeaq\
\x0d\x00\xaa\xda\x8e\xdf\x98\xb3y\x5co\xf3\xa5x\xcbn\
\x0fp\x0d@acq\x0d@\xee\xfd\xe6\xdf\xee\xf5N\
\xd7n\xcf^\x7f\xf4\xcb9\xd2\x02\x89\xc7\x0c\x00\xaa\x9a\
7\xe8W\x92o\xd9\xf7\x9a@Ym^g\xba&t\
\x08\xa0\x14\x14\x00T\xad\xd1\xe7\xcd9\xd4]\xc7\x85\xce\
\x81\x9aup\xe3\xc93\x8e\x0f\x1d\x02\xe8/N\x01\xa0\
*5\x9e;kDdu\xf3%\xbdw\xed\x92>\xa6\
\x86\xd7/\xe4\x14@\xf7\x05\x9c\x02\xc8\xbd\xdf\x82\xb6\xd3\
\xebV\x97\xd9\xa5e\xd2\xc4\xd7z\xef\x18H6f\x00\
P\x95\xa2(\xf53m8\xf8\x03\xc1l\xee\x1d)^\
\x15\x80\xaa\xc4\x0c\x00\xaaN\xd3\x7f\xcf\xdd\xdb\xdc\x1f\x90\
w\xfd\xf9e\x06`\xdd`\xc5\x8d\xc5\x0c@\xee\xfd\x16\
6\x03\xb0v\x9f\x16\xed\xd3:u\xfc\x83Y\x1e\x05\x12\
\x8b\x19\x00T\x97t:2\xf7\x1f\x89\xf2\x8a$\xf1\xf8\
W\xe3\xc6\xcd\xa9\x0b\x1d\x03(\x06\x05\x00U\xa5i\xcd\
'N\x9446t\x0e\xa0\x87]\x9e\xdb\xee\x8d\xcf\x86\
\x0e\x01\x14\x83\xbf\xa2P5F\xa6\xe7\x0c\xadk\xb7\x05\
\x92o/)\xf7T{\x96O7,\xe4\x14@\xf7\x05\
\x9c\x02\xc8\xbd\xdfbN\x01H2\xd3\x9b\xabW\xc7\xa3\
_\x98>\xf1\xcd,k\x01\x89\xc3\x0c\x00\xaaF]\xbb\
\xbe\xba\xe1\xe0\x0f$\x8c\xbb\xde]?$\xfav\xe8\x1c\
@\xa1\x98\x01@Uh>\xef\x0f[H\x99g$\x8d\
\xd8\xb0\x90\x19\x80l\x83\x157\x163\x00\xb9\xf7[\xe4\
\x0c\xc0\xba\x87Wut\xd67?\xff\xbb#^\xca\xb2\
&\x90(\xcc\x00\xa0*\x98:/P\xd7\x83?\x90L\
\x1b\xd5\xa5:\xce\x0d\x1d\x02(\x043\x00H\xbc\xa6o\
\xde\xb7\xa5\xd57,\x96\xb4Q\xb7\x07\x98\x01\xc86X\
qc1\x03\x90{\xbf\xfd\x9b\x01\x90\xa4v\xeb\xac\x1b\
\xdd\xfa\xbb#\x9f\xcf\xb26\x90\x18\xcc\x00 \xf9\x1a\xea\
\xbf\xac\x9e\x07\x7f \xb9\x86x\xaa\x93Y\x00$\x1e3\
\x00H\xb4m\xd2w\x0e\x1b\xb6f\xf8\xb3rm\xde\xeb\
Af\x00\xb2\x0dV\xdcX\xcc\x00\xe4\xdeo\xffg\x00\
$\xd7\xca\xbax\xcd\x0e\x0bo:\xfe\xf5,[\x00\x89\
\xc0\x0c\x00\x12m\xe3\x8e\x8d?\x9b\xf5\xe0\x0f$\xdb\xb0\
L\xaa\xfe\x0b\xa1C\x00\xf9P\x00\x90\x5c\x13\xa6\xa5\xdc\
\xed\xec\xd01\x80\xfep\xb7/o;a\x1a\xa7\xae\x90\
X\x14\x00$V\xd3\x8e[\x1d#\xa9)t\x0e\xa0\x9f\
\xb6\xac\x1fb'\x84\x0e\x01\xe4B\x01@b\x99\xfbW\
Bg\x00Ja\xb1\xce\x0c\x9d\x01\xc8\x85\x02\x80Dj\
<\xef\xe1\x1d%}4t\x0e\xa0$\xa6\x0f5\x1fw\
\xf3\x07B\xc7\x00\xb2\xa1\x00 \x91\x22\xcb\x9c\x22^\xa5\
\x82A N\xf9\xe9\xa13\x00\xd9P\x00\x90<i\x8f\
$\x9d\x18:\x06P&'ns\xc6\x9d\xc3B\x87\x00\
z\xa2\x00 qv\xec\x9c\xfb)I\xdb\x85\xce\x01\x94\
\xc9\x88\x8dV\xac:,t\x08\xa0'\x0a\x00\x12'\x8e\
\xed3\xa13\x00\xe5\xe4\xb1\x1d\x1b:\x03\xd0\x13\xe7X\
\x91(c\xd2s\x86\xb7\xaf\xb1\x97%\x0d_\xbb\xa4\x1f\
w\xdc\xcb\xf2i\xbf\xc7\xe2N\x80\x95\x1bkp\xdf\x09\
\xb0\xfb\x07\xae\xd5\xea\xf0\xad\xdb\xa6O\x5c\x9ae\x04 \
\x08f\x00\x90(\xab;\xa2C\xb4\xe1\xe0\x0f\x0c\x1aC\
\xbd.\xe24\x00\x12\x85\x02\x80D1\xf7\x83Cg\x00\
*\xc2\xfc\x98\xd0\x11\x80\xae(\x00H\x8e\xb5W\xff\x1f\
\x10:\x06P\x09&\xed\xdb|\xd0\xcc!\xa1s\x00\xeb\
Q\x00\x90\x18\x8d\xab\x1f\x1a+i\xab\xd09\x80\x0a\xd9\
\xd87[\xbeg\xe8\x10\xc0z\x14\x00$F\x14\x19\xd3\
\xff\x18\xd4\xe2(:0t\x06`=\x0a\x00\x92\xe4\xa0\
\xd0\x01\x80J\xb28\xe6g\x1c\x89A\x01@\x22\xec\x98\
\x9e\xb3\xb9\xe4\x1f\x0a\x9d\x03\xa8(\xb31M'\xdd\xb2\
e\xe8\x18\x80D\x01@Bd:\xec\xe3\x92R\xa1s\
\x00\x15f\x8a;\xb9\x0e\x00\x89@\x01@\x22\x98\xe9\xc3\
\xa13\x00\x03\x226\x0a\x00\x12\x81\x02\x80Dp\xa7\x00\
\xa0F\x98S\x00\x90\x08\x14\x00$\x80\x9bI\x9c\xffG\
Mp\xd9\x07G\x9e2ih\xe8\x1c\x00\x05\x00\xc1\xed\
t\xfe\x9c\x1d%m\x16:\x070@\x1aRk6\x1e\
\x13:\x04@\x01@p\x19\x8f>\x12:\x030\xc0\xfe\
3t\x00\x80\x02\x80\xe0\x9c\xe9\x7f\xd4\x18\x97\xed\x16:\
\x03@\x01@\x12\xec\x12:\x000\xb0\x9c\x19\x00\x04G\
\x01@p&\x8d\x0a\x9d\x01\x18X\xc65\x00\x08\x8e\x02\
\x80\xb0&LKI\xda>t\x0c`\x80m\xbd\xcda\
w\x0e\x0b\x1d\x02\xb5\x8d\x02\x80\xa0v\xdai\xab\xed%\
\xd5\x87\xce\x01\x0c0\xab\x1f\xb6b\x87\xd0!P\xdb(\
\x00\x08\xaa#\xce4\x86\xce\x00\x84P\xa7\xd4\xc8\xd0\x19\
P\xdb(\x00\x08\xca\xa2\x88\x02\x80\x9a\xe4\x11\xd7\xbe \
,\x0a\x00\x822\xd7\xc8\xd0\x19\x800\xe2mC'@\
m\xa3\x00 \xb4\xadC\x07\x00B0E\x9b\x87\xce\x80\
\xdaF\x01@`6\x22t\x02 \x04w\x7fO\xe8\x0c\
\xa8m\x14\x00\x04\xe5r\x0a\x00j\x92\x99(\x00\x08\x8a\
\x02\x80\xa0\x22\x17\x05\x005\xc9%N\x01 (\x0a\x00\
\x82\x8aM\x9b\x86\xce\x00\x04a\xda$t\x04\xd46\x0a\
\x00\x822\xde\x06\x18\xb5\xca\xd5\x10:\x02j\x1b\x05\x00\
\xa11\x03\x80Z5$t\x00\xd46\x0a\x00B\xab\x0b\
\x1d\x00\x08\xc2(\x00\x08\x8b\x02\x80\xd0:C\x07\x00\x82\
p\x0a\x00\xc2\xa2\x00 4\x0a\x00jU\x1c:\x00j\
\x1b\x05\x00\xa1eB\x07\x00\x02Y\x19:\x00j\x1b\x05\
\x00\xa11\x03\x80ZE\x01@P\x14\x00\x84F\x01@\
MriU\xe8\x0c\xa8m\x14\x00\x84\xd6\x11:\x00\x10\
\x82Q\x00\x10\x18\x05\x00\xa1-\x0d\x1d\x00\x08dE\xe8\
\x00\xa8m\x14\x00\x84\xf6j\xe8\x00@\x08\xcc\x00 4\
\x0a\x00\x822\xa3\x00\xa0f1\xfb\x85\xa0(\x00\x08*\
\x8e\xfd\x95\xd0\x19\x80\x10\xdc\xec\xf9\xd0\x19P\xdb(\x00\
\x08\xca\xcc\x98\x01@\x8d\x8a)\x00\x08\x8a\x02\x80\xb0\xdc\
)\x00\xa8M13\x00\x08\x8b\x02\x80\xb0\xcc8\x05\x80\
\x9a\xe4\x91\xbf\x10:\x03j\x1b\x05\x00aEq[\xe8\
\x08@\x08\x1e\xc7\xcf\x85\xce\x80\xdaF\x01@P#^\
\xd9t\xa1\xb8\x19\x10jO\xbcq&\xf5R\xe8\x10\xa8\
m\x14\x00\x04\xf5\xe4U\x1f\xea\x90\xd4\x1a:\x070\xb0\
\xec\xc5\xf9\xd3'\xae\x09\x9d\x02\xb5\x8d\x02\x80\xe0L\xfa\
W\xe8\x0c\xc0\xc0\x8a\xff\x1a:\x01@\x01@pN\x01\
@\x8dq\x19\x05\x00\xc1Q\x00\x10\x9e;\x05\x005%\
2\xffK\xe8\x0c\x00\x05\x00\x09\x90\xfag\xe8\x04\xc0@\
Jy\xeao\xa13\x00\x14\x00\x047\xe2\xf5aOI\
Z\x19:\x070@\xdeZx\xe3\xf8E\xa1C\x00\x14\
\x00\x04\xb7\xee\x95\x00\x7f\x0a\x9d\x03\x18\x08\xee\xfa\xabd\
\x1e:\x07@\x01@R<\x1c:\x000\x10\x22\xd3\x13\
\xa13\x00\x12\x05\x00\x09a\xaey\xa13\x00\x03\xc2\xfd\
\x81\xd0\x11\x00\x89\x02\x80\x84hh\xf0\xc7$u\x86\xce\
\x01T\xd8\x9a\xe5u\xab\x99\xedB\x22P\x00\x90\x08\xf3\
\xd3{/\x97\x19WFcPs\xd7\xa3\xafL=y\
E\xe8\x1c\x80D\x01@\x92\xc4\xfeP\xe8\x08@%E\
&\xa6\xff\x91\x18\x14\x00$H|G\xe8\x04@%e\
,\x9a\x1d:\x03\xb0\x1e\x05\x00\x89\xd1\xd2\xf2\xfa<I\
\xaf\x85\xce\x01T\xc8[#_|7\xaf\x00@bP\
\x00\x90\x1c\xd3'f$\xdd\x19:\x06P!\xf7\xce\x9d\
\xbb7\x17\xba\x221(\x00H\x16\xd3m\xa1#\x00\x95\
\xe0\x91\xdf\x14:\x03\xd0\x15\x05\x00\xc9\xf2\xf6\xca\xfb%\
-\x0b\x1d\x03(\xb3%\xa97\x86\xdf\x17:\x04\xd0\x15\
\x05\x00\x89\xd2\xf2\xab\x83\xdb%\xf1\x8b\x12\x83\x8aI3\
Z\xee9\xb8=t\x0e\xa0+\x0a\x00\x12\xc7,\xfe]\
\xe8\x0c@9\xb9\x89\x9fi$\x0e\x05\x00\x89\xb3\xe9k\
\x9b\xde\xe1\xd2\xcb\xa1s\x00e\xf2\xef\xb65>7t\
\x08\xa0'\x0a\x00\x12\xe7\xc9\xab>\xd4a\xf2)\xa1s\
\x00e\xe1\xf6\xfbu\xafp\x01\x12\x85\x02\x80D\x8a\xe2\
\xba\xab$\xf1\x96\xa9\xa8v\x9eIu^\x19:\x04\x90\
\x0d\x05\x00\x89\xb4\xf0\xb2\x8f\xb7\xc95't\x0e\xa0D\
\xb3\x9e\x9dz\xdc\xbfB\x87\x00\xb2\xa1\x00 \xb1\xdc\xfc\
\xea\xd0\x19\x80\x92\x98\xff2t\x04 \x17\x0a\x00\x12\xcb\
\x96\xad\xbaUn\xaf\x86\xce\x01\xf4SK[\xf3?\xef\
\x09\x1d\x02\xc8\x85\x02\x80\xc4Z{O\x80\xf8\x17\xa1s\
\x00\xfdb\xbaB\xe9t\x1c:\x06\x90\x0b\x05\x00\xc96\
d\xf5\x15\x92\x96\x84\x8e\x01\x14i\x99\xda\xe3\xc9\xa1C\
\x00\xf9P\x00\x90h-\xe9\x83\xdf\x96\xecW\xa1s\x00\
\xc50\xd3\x95m\xd3'.\x0d\x9d\x03\xc8\x87\x02\x80\xc4\
\x1b2d\xf5/\xc4\xfb\x03\xa0z,\x97E?\x0a\x1d\
\x02\xe8\x0b\x05\x00\x897?}\xe0\x9b.\xfb\xdf\xd09\
\x80\xc2\xf8OZ\xa7\x8e\xe7\xe2U$\x1e\x05\x00U!\
\xb6\xce\x9fJ\xb62t\x0e ?[\x12\xd7\xd5\xfd<\
t\x0a\xa0\x10\x14\x00T\x85E\x97\xee\xfb\x8a\x99\xff,\
t\x0e \x1f3]\xb6x\xf2Qo\x85\xce\x01\x14\x82\
\x02\x80\xaa\xb1\xa2a\xf9\xa5\x92=\x17:\x07\x90\xc3\xcb\
\xab6j\xb8\x22t\x08\xa0P\x14\x00T\x8d\x97\xd2\x87\
\xad\x94\xf9wB\xe7\x00\xb2\xf3\xef\xbft\xd5a\x9c\xa6\
B\xd5\xa0\x00\xa0\xaa\xb4\x5c:\xee\x063\xcd\x0b\x9d\x03\
\xe8\xe1\xf1\xd6v\xbf&t\x08\xa0\x18\x14\x00T\x19s\
W\xfc\x15\xc9\xb8\xc3\x1a\x92\x22c\x91\xce\xe4-\x7fQ\
m(\x00\xa8:-\x97\xee\xf3gw\x9f\x12:\x07 \
If\xfe\xab\x96)\xc7\xfc%t\x0e\xa0X\x14\x00T\
\xa7\xce5\xe7Jz-t\x0c\xd4\xbc\x17\x15\xb7\x7f/\
t\x08\xa0?(\x00\xa8J\xad?>\xe0U\xb9\x7f.\
t\x0e\xd463}\xb5\xe5\x86\x13\xdf\x0e\x9d\x03\xe8\x0f\
\x0a\x00\xaaV\xcb\x0f?u\xbb\xa4\xebC\xe7@\x8d2\
\xdd\xd12\xe5\xe8\x9bC\xc7\x00\xfa\x8b\x02\x80\xaa\x16{\
\xe7\x97%=\x1f:\x07j\xce\x8b\xa9\x8e\x86\xd3C\x87\
\x00JA\x01@Uk\xfb\xe1~K#\xe94I\x1e\
:\x0bjF\xecq\xfc\x99\x857\x1d\xf6z\xe8 @\
)(\x00\xa8z\x0b/\xdb{\xb6\xcb\xae\x0c\x9d\x03\xb5\
\xc1\xa5\x1f\xb6\xdd0\xe1\x81\xd09\x80RQ\x000(\
\xb4\xb7\x0f\xf9\xba\xa4'C\xe7\xc0\xa0\xf7\xf8F\xab3\
\xe9\xd0!\x80r\xa0\x00`Px\xe1g{\xac\xca\xa4\
\xfchIL\xcb\xa2R\x96{\xc6O\x98?}\xe2\x9a\
\xd0A\x80r\xa0\x00`\xd0Xt\xc9>\xcf\xc6\x91\x8e\
\x93\xd4\x19:\x0b\x06\x9d\xd8d'\xb6\xddx\xcc3\xa1\
\x83\x00\xe5B\x01\xc0\xa0\xd2v\xe9\xa7\x1e0\xe9\xbfC\
\xe7\xc0 cvn\xcb\x94\xf1\xb7\x87\x8e\x01\x94\x93\x85\
\x0e\x00T\xc2\xe8s\x1f\xb8\xc9e\xc7u_\xea\xb9_\
+\xe09>\xc9\xf9\xda\x82\xf2\x8d\xe5\x9e\xeb\x81<\x0b\
r\xee\xbb\xc8\xb1\xf2~\x0d\x15\x1e+\xeb\xfa}=\xaf\
\x9eeY\xd7\xcf\xf3\xed'\xdf\xf3\x97e\xbf\xeb?7\
\x9f\xdc\xfa\xdb\xa3O\xcd\x91\x0a\xa8Z\xcc\x00`P\xda\
(\xd3\xf9Y\xc9\xb9?;J\xe2\xd2\x1f\x86\xae\xcc\x9c\
\x19:\x07P\x09\x14\x00\x0cJ\x7f\xff\xf1\x01+\x14\xd5\
\x1f\xe0\xd2\x82\xd0YP\x9d\x5c\xbe(Ju\x1e\xc3E\
\x7f\x18\xac(\x00\x18\xb4Z~\xf0\x89\xd7\xea\xcd\x0e\x94\
\xf4b\xe8,\xa8:\xaf\xc6\x91\x1f\xdc2i\x22o8\
\x85A\x8b\x02\x80A\xed\xe9\xcb\xf6^\x1cG\xf1\xa7$\
\xbd\x1a:\x0b\xaa\xc6[\x16\xf9A\x8b'\x1f\xf3t\xe8\
 @%Q\x000\xe8\xb5\xfd`\xdf\x85\xb1\xc5\x87J\
Z\x16:\x0b\x12o\xa9\x9b\xef\xdf2\xe9\xe8?\x87\x0e\
\x02T\x1a\x05\x005\xa1\xed\xb2}\x1f\x8f\xcc\xc7Kj\
\x0f\x9d\x05\x89\xb5\xcc\xcc\x0fl\x9b|\xf4\xe3\xa1\x83\x00\
\x03\x81\x02\x80\x9a\xb1\xf0\xb2}g+\x8a\x0f\x94\x89\xf7\
oGO+\xcd\xec\xf0\x96\xc9G\xff1t\x10`\xa0\
P\x00PSZ.\xdbon\xe4\xdaO\xd2\x1b\xa1\xb3\
 1\x96\x9a\xe9\xe0\x96\xc9G\xcd\x0d\x1d\x04\x18H\x14\
\x00\xd4\x9c\x85\x97\xef\xf3\x7f\xa6\xf8\xe3\x92^\x08\x9d\x05\
\xc1\xbd\x1cI\xe3Z&\x8d\x7f(t\x10`\xa0Q\x00\
P\x93\x9e\xb9|\xbf\x7fe2\xdaK\xd2\xc2\xd0Y\x10\
\x88\xe9_\x1e\xd7}\xf4\x99\xc9G\xfd5t\x14 \x04\
\x0a\x00j\xd6\xa2\x9f\xec\xf3l\xa6\xce?!\x89;\x06\
\xd6\x1a\xd7\xbc\x8e\xf6\xfa=\xdb\xa6\x1c\xf6\x5c\xe8(@\
(\x14\x00\xd4\xb4E\x97\xee\xfbJ\xe7\xb0h\x0f\xc9\xa7\
\x84\xce\x82\x01b\xba\xad}e\xc7\xfe\xcf\xddx\xe8\x92\
\xd0Q\x80\x90x3 `\x9d\xa6s\x1e<\xc3\xdc\xaf\
\x90\xbc~\xc3B\xde\x0c\xa8rc\x0d\xfc\x9b\x01\xb9\x99\
_\xde\xb2\xac\xf3;\x9a>1\x93c/@\xcd\xa0\x00\
\x00]4\x7f\xeb\xc1OJ\xf14I[J\xa2\x00T\
r\xac\x81-\x00\xaf\x9btb\xcb\xa4#\xef\xcb1:\
Ps8\x05\x00t\xd1\xf2\xa3O=\xe4\x99\xcc\x87L\
\xe2f0\x83\x86?\x9eq\xff0\x07\x7f\xa0;\x0a\x00\
\xd0C\xebO\x0fx~\xc5\xc6\xab\xc6\xb9\xfc7\xca3\
\x07\x80\xc4s7\xfdl\xb3\xfaW\xf7\x5c<\xf9\xa8\xc5\
\xa1\xc3\x00I\xc3)\x00 \x8f\xe6o\xcc:@f\xd7\
H\xda\xb6\xfb#\x9c\x02(y\xac\xca\x9e\x02\xf8\xb7\xc9\
\xcel\xb9\xee\x88;r\x8c\x06\xd4<f\x00\x80<Z\
~\xb2\xdf}q\xcaw5\xd3U\xa1\xb3\xa0`\xd3\xeb\
;\xe3]9\xf8\x03\xf91\x03\x00\x14\xa8\xf1[\x0f\x1e\
l\x1e_c\xd2\x7f0\x03P\x86\xb1\xca?\x03\xf0\xb2\
\xc5\xf6\x85\x96I\x87\xdf\x9ec\x04\x00]0\x03\x00\x14\
\xa8\xedG\x9f\x9a)ev\x97|\x92\xa48t\x1el\
\xe0\x92]i\xab\xebw\xe6\xe0\x0f\x14\x8e\x19\x00\xa0\x1f\
\x1a\xbf1\xfb\xc3\x91\xfc\x17\x92>\xd6\xebAf\x00\x0a\
\x1b\xab\x1c3\x00\xb1\x1e\x8f#\xff\xc6\xa2k\x8e|8\
\xc7V\x00r\xa0\x00\x00\xfd\xe6\xd6\xfc\xf5Y\xc7\xc8\xec\
G\x92vxgq\xb7u\xb2~\xd8m\x0d\x0a@\xf7\
\x85\x85\x8d\xf3\xbcd\x17\xb7n\xfb\xe7k\x94N3\x1b\
\x03\xf4\x03\x05\x00(\xd1n\xdf\xbco\xe3U\x8a\xce\xf3\
X_\x93i\x18\x05\xa0\xc0\xb1\xfaW\x00\xde\x92t\xa9\
mT\xff\xcb\x96_\x1d\xdc\x9ecM\x00\x05\xa0\x00\x00\
e\xd2\xf4\xcd\xfb\xb64\x8f\xbe&\xd7\x97$m\xb2v\
)\x05\xa0L\x05`\xa5KW6\xb4w^\xf2\xf4\x94\
\xf1o\xe4\xd8\x13\x80\x22P\x00\x802k>k\xe6\xa6\
\xaa\xaf\xfb\x82d\xe7H\xfe\xee\x0d\x0fP\x00\xfa\x18g\
\xdd\xc2\xee\xcb_7\xe9\xda\x0e\xeb\xf8\xc5\xb3W\x1d\xfd\
r\x8e=\x00\xe8\x07\x0a\x00P!;\x9d3o\x93L\
f\xd5\x97\xe4\xfeUI[Q\x00\xfa\x1ag\xddB\x97\
dj\xb3\xd8~\xba2\xd2\xa4\x97\xae:le\x8e\x91\
\x01\x94\x80\x02\x00T\xd8\x98\xf4\xb4\x86\xf6\xb77;B\
\xb1>'\xd3>\xea\xf1\xf2[\x0a@\xb7\x85\x8f)\xb6\
_\xb4.]u3\xef\xd8\x07T\x16\x05\x00\x18@\xcd\
g\xcd\xdcV\xf5u'\xc8\xf5EI\xdbK\x14\x00I\
/J\x9a\x11\xc7\xf1\xb5\x8b\xae9\xe2\xef9F\x01P\
f\x14\x00 \x80\xb1g<Q\xff\xd6\xc6o\x1ejn\
\xc7\xba\xe2\x83\xb5\xe1\xa2\xc1.\x06w\x01X\xaeX\xb7\
\xc8\xfd\xb7\xad\xdb\xfey./\xe5\x03\x06\x1e\x05\x00\x08\
\xac\xf9\xac\x99C\xe2\xfa\xba}\xcc\xfdH\xb9\x0e\x97\xb4\
\x95\xa4\xc1X\x00\xfem\xd2=r\xbbgH\xdd\xca{\
\xe6\xff\xcf\xc4\xe59\xb6\x000\x00(\x00@\x92\xa4\xd3\
Q\xe3\x92=\xf7\xb0(>\xdcc}\xc2\xa4\x0fJ\xaa\
_\xfb`\xd5\x15\x80\x8c\xa4?I\x9ai\xb1\xdf\xd3r\
\xd5\xa1\x7f\x91,\xd7\x1e\x01\x0c0\x0a\x00\x90`\xbb}\
\xf3\xbe\x8dWt\xea\xbf<\xd6\xc7M\xbe\x97L\x1f\x95\
4<\xa1\x05\xe0\x0d\x99\x1e\x97\xebqs\x7f|ug\
\xfd#/\x5c{\xe0\x9b9\xf6\x00 0\x0a\x00PE\
\xc6\xa5\xe7\xd4\xbd\xf8V\xc7\xae\x99L\xe6}\x16E\xbb\
\xb8\xc7;\x9b\xdb\xfbd\x1a-\xa9a\x80\x0a@\xbb\xa4\
\xc5\x92\xda\x5c\xfa\x97\xb9?nq\xf4x\xcbU\x07\xb7\
\x16\xf5\xc5\x00\x08\x8a\x02\x00\x0c\x02\xe3\xd2s\xea\x9e{\
me\xa3RQ\xb3I[(\xb6\xad<\xf2\xad%m\
\x11\xc9\xb7\xf2\xd8\xb6\x96\xb4\xf1\xba\xd5GH\xbe\xf6\xa5\
\x88k\x8f\xf1\xf5Z\xfb\xee\x86o\xaf\xfb\xdfR\xc5z\
[\xe6Ke\xf6\x96b\x7f\xd5\xa5\xb6H\xd6\xe6\x96j\
k\xdd\xf2\xb1\x17\xb9h\x0f\x00\x00\x00\x00\x00\x00\x00\x00\
\x00\x00\x00\x00\x00\x00\x00\x00\x00\x00\x00\x00\x00\x00\x00\x00\
\x00\x00\x00\x00\x00\x00\x00\x00\x00\x00\x00\x00\x00\x00\x00\x00\
\x00\x00\x00\x00\x00\x00\x00\x00\x00\x00\x00\x00\x00\x00\x00\x00\
\x00\x00\x00\x00\x00\x00\x00\x00\x00\x00\x00\x00\x00\x00\x00\x00\
\x00\x00\x00\x00\x00\x00\x00\x00\x00\x00\x00\x00\x00\x00\x00\x00\
\x00\x00\x00\x00\x00\x00\x00\x00\x00\x00\x00\x00\x00\x00\x00\x00\
\x00\x00\x00\x00\x00\x00\x00\x00\x00\x00\x00\x00\x00\x00\x00`\
`Y\xe8\x00@%5\x9f5s\x88\x86\x0e\xd9\xd6\x22\
\xbd\xd7\xe5\xdb+\xd6\xf6f\xda\xc1e\xdb\x99ks7\
\x8d\x904B\xae\x86w\xb6\xf2\xe1\x92\xea\xd7~\x98k\
d\xcf\xfd\x98\xe7\xf8$\xc7\xfa\xee\xb9\x1e\xc8\xb3 \xe7\
\xbe\x8b\x1c+\xef\xd7P\xe1\xb1\xb2\xae\xdf\xd7\xf3\xeaY\
\x96u\xfd<\xeb~\x96\xca\x14\xcb}\xb9Io\xba\xfc\
Ms{\xd3eo\x9a\xf4F,\xbde\xe6+\x14k\
\x8d[\xbc<\xe5z\xc1\x15\xbd\xa8M\x87\xbc\xd0\xf2\xab\
\x83\xdbs\xa4\x01\xaa\x1e\x05\x00U\xce\xad\xe9\xdbs\x9b\
\xcc\xfd\x832\xed.\xf7\xd12\x1b-i3\xb96\x95\
\xf4\xae.\xeb\x96\xed\xa0M\x01(\xc3X\x03W\x00z\
\xaf\x9c\xedk\xe85\x96$\xe9\xdf\x92\xb7\xb9\xac-2\
\xb5yF\xadqdO\xa72+\x9en\xb9\xe1\xc4\xb7\
s$\x05\xaa\x02\x05\x00\xd5c\xc2\xb4Ts\xe3\xe6;\
+\x8a>(\x8f? \xd9\x07%\xfb\x80\xe4\x9b\xf6y\
`X\xbf\x90\x02\xd0}\x01\x05 \xf7~\xfb\xde\xee\x05\
\x93\xfe\x15\xbb\xff\xc3\xe4\x7f\x8d#\xfb\xeb\x0e\xcf\xbd\xe7\
\x9fs\xe7\xee\xdd\x995?\x900\x14\x00$V\xe3\xb9\
\xb3FX\xaa~\x0f)\xfe\x98\xb9\xed%\xe9#\x926\
\xde\xb0B\xae\x03m\x96O7,\xa4\x00t_@\x01\
\xc8\xbd\xdf\x82\xb6\xeb\xbeO\x97VK\xfa?s=,\
\x8b\xe6\xd55\xa4\x1eYp\xdd\x11\xcb\xb2l\x05\x04G\
\x01@b\x8cI?\xfa\xee5\x1d\xab\xf7v\x8f\xf6\x91\
k/\x99\xc6H\x1e\x15}\xa0\xcd\xf2\xe9\x86\x85\x14\x80\
\xee\x0b(\x00\xb9\xf7\xdb\xbf\x02\xd0\xf3\x83\x8c\xe4\x7f\x93\
\xdbCn\xba\xd7\xeb\x97\xffa\xf1\xe4SWg\x19\x05\
\x18p\x14\x00\x04\xb5\xe3ysv\x8e\xcd\x8e\x92\xe9H\
\xb9>$)\xea\xbeF?\x0e\xb4Y>\xed\xf7X\x14\
\x80\xca\x8dU\x1b\x05\xa0\xe7v+%\x9f\xeb\xd2=Q\
\xa4{[\xaf\x9f\xd8\x92eD`@P\x000\xe0\x9a\
/\x987F\x9e\x99 \xf7\x09\x92v\xd9\xf0@\xb9\x0e\
\xda\xe5\x1c\x8b\x02P\xb9\xb1j\xb3\x00t\xdb\xce\xa56\
\x99\xdde\xee\xd3\xdbn\x9a8/\xcbZ@\xc5P\x00\
0 \x1a/x\xe8?S\xaecc\xf91\xe6\xb6\xd3\
\xda\xa5\x15:h\x97s,\x0a@\xe5\xc6\xa2\x00\xf4\x5c\
\xb2\xd0\xa4\xe9\xd6\xa9\x1b[\xa6O\xfcg\x96-\x80\xb2\
\xa2\x00\xa0bF\xa6\xe7l\x96\xcaD\x13\xcdu\xb2\xa4\
=7<\x90\xed\x17k\x96O7,\xa4\x00\x14\x9e\x8b\
\x02\x90g?\x89/\x00\xef\xacg\xfa\xa7\xdc\xa7X}\
\xfd\xa4\xd6\xa9\xe3_\xcd\xb25P2\x0a\x00\xca+\xed\
\xd1\xe85\x0f\x1f\x14G~\x9aI\x87J]o\xb0\xb3\
\x0e\x05\xa0\xfb\xea\x14\x80\xee\x0b)\x00]?Y#\xb7\
\xbb<\xd2o\x16\xdd4a\xb6d9\x7f\x22\x81bQ\
\x00P\x16\x8d\xe7\xce\x1a\x91\xaao8\xc5]g\xcb\xd4\
\x98we\x0a@\xf7\xd5)\x00\xdd\x17R\x00rm\xdb\
\x22\xd35u\x96\xb9v\xe1M\xc7\xbf\x9eeD\xa0(\
\x14\x00\x94dt\xfa\x91\xdd\xbd\xb3\xf3\xcb2\x1d/i\
\xa3\xdc\x07\xcc.(\x00\xddW\xa7\x00t_H\x01\xc8\
\xbf\xadk\x95)\xbe>\xf6\xd4O\x16M\x9f\xb8 \xcb\
\xc8@A(\x00\xe8\x97\xc6\xef\xcc\xdb+\x8a\xe2s%\
\x1d\x22\xf9;?G\x14\x00\x0a@\xa1cQ\x00\xf2d\
\xcd\xb3\xadw\xf9?\xd7\xdd2\xfbE\xdb\xb4cgg\
\xd9\x03\x90\x17\x05\x00Epk\xfe\xee\xbcC\xe5~\x9e\
\xa4\x8fuY\x9e\xf5\xc3\xdc\xc3\xe4X\x99\x02\x90g\x9c\
\x02sQ\x00\xf2\xecg\xd0\x15\x80.C\xf9cf\xd1\
\xc5m\xd3\x8e\x9d\x99eO@V\x14\x00\x14\xc0\xad\xe9\
\xfc\x87\x8f0\xd3\x85\x92\xfe3\xcb\xe3Y?\xcc=\x5c\
\x8e\x95)\x00y\xc6)0\x17\x05 \xcf~\x06o\x01\
\xe8\xf2\xe9\x9f\xcc\xf5\xfd\xd6\x9b\x8f\xbb'\xcb\x1e\x81n\
(\x00\xc8\xab9\xfd\xd0\xfe\x8a\xed\x22\xb9>\x92{-\
\x0a@)cQ\x00z,\xa4\x00\xe4\xdf\xb6\xcf\xe7\xc1\
%\xe9O.\xbf`\xd1\xf4\xe3ge\xd93 \x89\x02\
\x80\x1c\x9a/\x98\xfb1Y\xf4\x03I\x9f\xec\xfb\xa0N\
\x01(e,\x0a@\x8f\x85\x14\x80\xfc\xdb\x16V\x00$\
\x97\xcc\xec\xbe8\x8e\xcfY4\xe3\xf8\xbfgI\x80\x1a\
G\x01@7;~\xe7\xd1\xf7\xc6\xa9\xce\x1fH:Q\
\xeb\x7f>\x92Z\x00\xca9\x16\x05 \xcb\xc3\x14\x80\xbe\
\xb7\xeb\xbe\xcf\xa4\x15\x80ub\x93fd\xeat\xce\xe2\
\xdf}zq\x96$\xa8Q\x14\x00H\x92\xb6I?1\
lX\xbc\xea,\xc9\xcf\x974\xbc\xdb\x83I-\x00\xb9\
\x0e\xb4\xe5\x1c\x8b\x02P\xb9\xb1(\x00y\xb2\xe6\xd9\xb6\
\xf8\x02\xb0\xde*I\x97\xc7\xc3W_\xc6;\x12B\xa2\
\x00@Rs\xfa\x0f\xc7(\xd6\xcf$m\x9bu\x05\x0a\
@E\xc7\xa2\x00\xf4XH\x01\xc8\xbfm\xff\x0b\xc0\xfa\
e-R\xfc\x95\xb6\x19'\xf0\x8a\x81\x1aG\x01\xa8a\
\x8d\xe9y\xdbG\x99\xf8\xd72\x1d\x9awE\x0a@E\
\xc7\xa2\x00\xf4XH\x01\xc8\xbfm\xc9\x05\xc0\xd7}h\
\xb7[\x94:\xbbm\xfa\xc4\xe7\xb2\xac\x89\x1a\x90\x0a\x1d\
\x00\x01\xa4=j\xfa\xf8\xbe\x9f\x8b\xe4\xb7\xc9\xb2\xbd\xac\
\x0f\xc0`g\xd2\xce\x8a3g\xbek\xe7\xa33K\x8e\
\xdb\xed1\xcd\x9d[H}\xc7 \xc2\x0c@\x8di\xbe\
`\xde\x18\xa5\xfc\xb7\x8a5\xb6\xb0?\xd7\xc5\x0c@\xae\
\x0d\x98\x01(m,f\x00\xf2d\xcd\xb3m\x99f\x00\
z\xac3\xcfS\x99\xcf.\x9a~\x12\xb7\x16\xae!\x14\
\x80Z\x91\xf6\xa8)\x9e\xf753],ih\xde_\
\xf0=Q\x00*:\x16\x05\xa0\xc7B\x0a@\xfemK\
+\x00K%\x7f\xc1\xa4\x17\x5c\xf6\xb2b_\xea\xe6\xcb\
\x22\xb3\xb7\x15\xfb+\x9bm\xb1\xfc\xa6'\xaf:\xb3#\
\xcb\x96\x18\x84\xeaB\x07@\xe5\xedt\xfeC\xa32\xfe\
\xc8d\x99>\x11:\x0b\x80J\xf3e\x92\xfdS\xae\x7f\
)\xb2\x05&_`J-X\xb9z\xa3\xc5/\xddy\
\xd8\xca\xd0\xe9\x90\x1c\x14\x80A\xae)\xfd\xf0\xc9\x19\xe9\
\x0a\xb9o\x12:\x0b\x80\xb2\xeb\x94\xf4\x17\xb9\xfd\x9fE\
z\xdc\xdc\x1eo\x19\xf3\xf4\xd3J\xa7\xe3\xd0\xc1\x90|\
\x9c\x02\x18\xa4\xb6\xfd\xda\xa3\x1b\x0d\xd94s\x99Ig\
g]\x81S\x00\x85\x8d\xc5)\x80\xca\x8d\xc5)\x80<\
Yso\xeb\xf26I\xb3%\xcd\xf6\xf6!\xb3\x16\xdf\
v\xd4[YF\x07\xfa\xc4\x0c\xc0 4\xfa\xfc\x87\xde\
\xe7u\xf1\xef\xe5\x5c\xe1\x0f\x0c\x02\xab%\xcd\x93\xec\xae\
L}j\xda\xb3\xd7\x1f\xfdr\xe8@\x18\x1c(\x00\x83\
\xcc\xe8\xef>|\xaaG\xfa\xb5\xdc7\x0a\x9d\x05@\xbf\
\xb5Kv\xb7K7\xadlX}\xcf+SO^\x11\
:\x10\x06\x1f\x0a\xc0 1.=\xa7\xee\x05\xd5]\xec\
\xaes\x0b\x9d\xd9\x07\x908O\xca55\x8auc\xcb\
\xf4\x89\xaf\x85\x0e\x83\xc1\x8d\x020\x08\xec|\xe9\x9f\xde\
\xf3B{\xc74\xc9?\x15:\x0b\x80\xa2-w\xd7\x8d\
\x96\xd2\x15m7L|*t\x18\xd4\x0e\x0a@\x95k\
\xbe\xf0\xa1\x0ft\xaeYs\xab\xa4\x1dBg\x01P\x94\
g\xcc\xfd\x0aKuLn\xb9\xe1\xc4\xb7C\x87A\xed\
\xa1\x00T\xb1\xe6\xf4#\xfb+\x8eo\x96\xb4\x89L\x05\
_\xd4\x0f \xa8\xa7L\xfaqk\xa7n\xd0\xf4c3\
\xa1\xc3\xa0vQ\x00\xaa\xd4\xe8\xf4\xbc\xcf\xbb\xe2+\xb4\
\xfe\xfd\x1c8\xf8\x03\x89f\xf2?\xba\xd9%m7\x1c\
s\xb7d\xfc\x8bEp\x14\x80j\xe3n\xcd\xdf\x9f\xf7\
=\x97\x7f\xaf\xdbrf\x00\x80\xa4z\xda\xa5\xef\xb6\xdd\
8\xe1f\x0e\xfcH\x12n\x04TE\xc6^\xf9D\xfd\
\xd2\x97WO\x96\xfc\xf8^\x0f\x16\xfbk\x85\x1b\x01\x15\
6\x167\x02\xaa\xdcX\x83\xffF@/\xbayzQ\
\xbbO\xd2\xf4\x89L\xf5#q\x98\x01\xa8\x12c\xd2\xf3\
\x1b\xde~y\xc9\xef$\x1d\x15:\x0b\x80\xbc:\x5c\xfa\
\xdf\x86!\xf5\xe7/\xb8\xee\x88e\xa1\xc3\x00\xb9P\x00\
\xaa\xc06\xe9'\x86\xb5k\xc9\xad\x92\xf6\x0f\x9d\x05@\
\x1e\xa69Q\x1c\x7f\xb9\xe5\x86\x89\xff\x0c\x1d\x05\xe8\x0b\
\x05 \xe1F\xa6\xe7lV\xa7UwK\xb6G\xe8,\
\x00rz\xd5\xa4\xb3Z\xa7\x1e3-t\x10\xa0P\x14\
\x80\x04k\xbc\xec\x89\x11\xd1\xea\xd5\xb3$}\xa8\xcf\x95\
\xb9\x08\x10\x08\xc4\xa6[}\xe6K-\x93\xaa\xe3\xce}\
#'L\xdb:\x8a3\xdbF\x16\xbf\xd73\xd1\x0e2\
m\xe5\xf2:\x97m\x16)\x8e\xe4\x1a\xe1\xb2:\xb9o\
\x22\xb3\xb7L\xee\xee\xde\xe9\xf2e&{\xc3\xa57\xcc\
\xfdM\xb9^\x8d<\xb5xY{\xe7\xe2W\xee\xe7V\
\xc5\xd5\x88\x8b\x00\x13j\xa7\x1f\xce\xdb$\xb3J\xf7K\
\xfah\xefG\x0b\xbd\xa0*\x0f.\x02,l,.\x02\
\xac\xdcX\xd5\x7f\x11\xe0\xeb\xe6\xfe\xa5\x96\xeb\x93\xf8W\
\xbf[\xf3\xb1\xbfo\xcc\xc4\xfe\x81(\xf6\xdd\xdd\xec\xfd\
.\xed\xdd&\x1ac\x00\x00 \x00IDATb\xae\
\xf7J>\xe4\x9d\xd5zm\x97\xe3B\xc7,+\xf7x\
.\xe4\xdej\xae\xa7\xdc\xf4\x0f\xc5\xf6\x8f5\x1b5\xfc\
\xe5\x85\xe9\x13\xdf,\xc3\x17\x83\x0a\xa1\x00$\xd0\x98\xf4\
\x9c\xe1k\xac\xfe\x1ew\xed\x95}\x0d\x0a@\xef\xf5)\
\x00\xeb\x06+n,\x0a@\xee\xfd\xe6\xdd\xce\xe6\xd6u\
\xa4NX\xf0\xbb#^\xca\x91v@\x8d\x990\xada\
\x85\xf41\xb3\xcc\xbe\xe6\xfa\xa4\xe4\xbb\xcbm\x93^+\
\xf6|\x0e\xcbW\x00\xb2=\xf7n\xae\xa7\xdd\xfd17\
=\x9aJ\xc5s[n;\xa5\xb5\xcf/\x06\x03\x86\x02\
\x900\xdb\xa4\x9f\x186,Z}\xb7\x5c\xe3\xf2\x1e|\
\x8aX\x9c{]\x0a@\x9fcQ\x00*7Vu\x16\
\x80\x8c\xbb.jk\xcf\x5c\x1c\xfa\xa5}\xcd\x13\xa6\xed\
\x12+>P\xd2\xbe\x92>!i\xe3\xb5\x8f\xe4\xf9~\
\x0cl\x01\xc8\xf6\x1c\xb6\xc8u\x9fK\xf7ul4t\
\xf6\x0b\xd3'\xae\xca\xb27\x0c\x10\x0a@\x82\x8cK\xcf\
\xa9{\xde\xeao3\xe9\x10I\xf9\x0f>\x05,\xca\x8b\
\x02P\xd8X\x14\x80\xca\x8dU}\x05\xe0es\xfbt\
\xcb\xd4\xf1\x0f\xe5HXq\xcd\xc7\xfe\xae)\x13G\xc7\
\x99\xc5\xc7I\xdau\xc3\x03\xd9~\xe6\x92Y\x00\xba~\
\xb8\x5c\xd2]\x8a\xe3\x9bW\xa7\xda\xefy\xe9\xce3W\
f\xd93*\x88\x02\x90\x14\xee\xd6|\xe1\xbck%;\
\xf5\x9de9W.hQ\xfe\xfd\x15\xb1\x11\x05\xa0\xa2\
cQ\x00z,Lf\x01x\xc22:\xaa\xe5\x86\xa3\
_\xc8\x91\xaeb\x9aN\xbaeK\xef\xe88A\xd2q\
r}\xa4\xef\xe7\xa1j\x0a@\xd7\xed\x96\x99\xe9\xf7&\
]\xd7r\xd7g\x1e\xcb\x92\x00\x15@\x01H\x88\xe6\xf4\
\xbcKd\xfa\xefn\x0b)\x00\xa2\x00\x14\x99\x8b\x02\x90\
g?\xfd+\x00&\xbfq\xf5\xaa\xccg\x07z\xba\xba\
\xf9\xd8\xdf}0cv\xb6\xb9\x8e\x93\xd4\xe3\xc2\xbdA\
W\x00\xba.\xf8\xa7\xb9\xae\xac\xab\xcbLZp\xc7\xe9\
\xdcH\xa9\x82(\x00\x09\xd0\xfc\xfd\x87\xbf$\xd9\x15\xbd\
\x1e\xa0\x00\x88\x02Pd.\x0a@\x9e\xfd\x14]\x00\xdc\
\xa5\xffn\x9b2\xfe\xb2\x1c\x89\xcan\xdc\xb89u\xcf\
n\xf5\xfaQf~\xb6\xe4{\xad\x8f\xd6#W\xef\x85\
\x83\xaa\x00\xac_\xc7\x96\x9a\xc7W\xc7\xd6y\xc5\xa2\x99\
\x9f}6K*\x94\x88\x02\x10Xcz\xde\xc1\x91\xe9\
\x0e\xad\x7fW\xbf\xae(\x00\xa2\x00\x14\x99\x8b\x02\x90g\
?E\x1d\xf8\xd6\x98\xdb\xe9-S\x8e\xba>G\x9a\xf2\
\x9a0-\xd5T\xaf\x93<\xd6\xf7$\x8d\xdc\x90\xa9\xcb\
\x7f6\xa8\x99\x02\xb0\xe1\x83NIS\xeb,\xbex\xe1\
\xdd\xa7\xb5eI\x87~\xa2\x00\x04\xd4|\xe1\xbc1r\
=*i\xd3\xac+\x14S\x00\xf2\xae\x9fk]\x0a@\
\x9fcQ\x00*7Vr\x0b\xc0\xb2\xd8t\xf4\xa2\xc9\
\xe3g\xe5HRFn\xa3>=m\x82\xc9\xbe/i\
\xe7\x82\x0e\xe4\xb5W\x00\xd6\x7f\xd8\x11\xcb\xa6\xca\xe3\x8b\
\x16\xdf{\xea\xe2,)Q$\x0a@ ;\xa6\xe7l\
\x1e[\xfd\x9f$5\xe6\x5c\xa9\x98\x02P\xcc\xc1\x7f\xc3\
\xfa\x14\x80>\xc7\xa2\x00Tn\xacd\x16\x80\xd7,\xf2\
\x03[&\x1d\xfd\xe7\x1c)\xca\xa6\xf1\xf8\xdf\x1f,\xb7\
K$\xed\x9e=\x17\x05\xa0\xe7v\xeb>[\xedf?\
\xaf\xf3\xd4\x0fZ\xee9\xf1\xed,iQ \x0a@\x00\
c\xd2\xf3\x1b\xdam\xc9,\xad}\xednn\x14\x00Q\
\x00\x8a\xccE\x01\xc8\xb3\x9f>\x0f|\xaf(\xd6\xbe\xad\
S\xc7\xff#G\x82\xb2\x18u\xfc\x8c\x1d\x22\x8f\x7f\xe9\
\xf2\xc3{=H\x01\xc8\xbb]\x8f5_\x91\xfc\x82E\
\xff\xf5\xec\xb5J\xa7\xe3\xde\x83\xa0/Q\xe8\x00\xb5\xa8\
]K~\xa2\xbe\x0e\xfe\x00\x06R\xc5\x0f\xfe\xe3\xc6\xcd\
\xa9k<~\xdaWL\xf1Sn\xea}\xf0G\xb1\xb6\
\x92\xeb\xaa\x91\x7f\xdc\xe1\xe1\xa6\xfd\xaf\xd9\xb5\xef\xd5\xd1\
\x133\x00\x03\xac\xe9\xc2G\x8e3\xf7\x9b\x0aZ\xb9\x98\
\x19\x80\xbc\xeb\xe7Z\x97\x19\x80>\xc7b\x06\xa0rc\
%g\x06\xe0\xe5\x8c2\x9fZ<\xf9\x98\xa7s\xec\xb9\
dM'\xcc\xd8\xd3\xe3\xccod\xd6\xe5\xe6=}=\
'\xcc\x00\xf41\x03\xd0u\xdb\x0e\xb9_\xee\xedv\xf1\
\xe2\xb9\xa7\xae\xee= \xb2\xa1\x00\x0c\xa0\xc6\xf4\xc3;\
Ff\x8f+\xd7E\x7f=\x15S\x00\x8a9\xf8oX\
\x9f\x02\xd0\xe7X\x14\x80\xca\x8d\x95\x8c\x02\xb04\x92\xc6\
=3\xf9\xa8\xbf\xe6\xd8kI\xc6\x8d\x9bS\xf7\xdc\xb6\
\xaf\x9f\xafX\xe7\xab\xe7+}(\x00Eo\x97\xa7\x00\
H\x92\xcc\xf5\xcfL\x14\x9d\xf8\xec=\x9f\xf9K\xefA\
\xd1S\xef\x97\x9e\xa1\x22v\xfb\xd1}\x1bwf\x1af\
K\xda.t\x16\x00\x92\xa4\x95\x1e\xf9\xc1\xad\x93\xc6\xff\
_%\x06\x1fu\xfc\x8c\x1d\xde\xdet\xf9\x9d\x92\x9d$\
N\xb7\x0e\x94-\xcc\xfd\xb4w\x8f>2\xb5\xe4\xc4\x0f\
\xfcAs\xe7\x16\xfb\xa7QM\xe1\x87r\x80\xacX5\
\xfc\x0aIcB\xe7\x00 IZc\xae\xa3\xda\xae\x1b\
?\xaf\x12\x83\x8f:~\xc6If\xfew\xc9\xf6\xac\xc4\
\xf8\xc8\xab\xde]\xdf\x1b\xf5\xd8\xf63\xdf\xbb\xcfo\xdf\
\x13:L\x92q\x0a`\x004_8o\xa2d\xbf\xcf\
;\xbd\x99\x0d\xa7\x00\xc4)\x80\x22sq\x0a \xcf~\
\xde\xf9\xc0\xa4\x93[&\x95\xff&?\xcdg\xcd\x1c\x12\
\xbf\xb9\xf27\x92N\xe9\xb6\xcf\xac\xd3\xea\x9c\x02(v\
\xbb\xbeN\x01dy\x1e\x9e\xb5\xd8\x8fi\x9bu\xfa\x13\
\xbdw\x02f\x00*\xac\xe9\xe2\x87\xb6\x93\xec7\xa1s\
\x00X\xcf.\xad\xc4\xc1\xbf\xe9\xa4[\xb6\x8c\x97\xac|\
@\xb6\xfe\xe0\x8f\x04\xd8\xc1\xcd\x1en<\xe0\xbaS\xfb\
^\xb5\xf6P\x00*)\xed\x91\xc5u\x93%\xbd\xab\xe2\
\xfbb.\x07\xe8\x93\xb9f\xb4\xee\xf0\xd7\xef\x96{\xdc\
\xa6\x93n\xd9\xd5=\xfe\xa3$\xa6\xfc\x93g\xa8\xbb\xae\
\x1b\xb5\xffu\xbfP:\xcd1\xaf\x0b\x9e\x8c\x0a\x1a\x9d\
z\xe4\x1b\x92>\x15:\x07\x00I\xd2\x9fW6\xd4\x9d\
\x5c\xee\x9b\xc64\x9e8\xe3\x10y\xfc\xa8I\xa3\xca9\
.\xca\xee\xecQ\x8fn\x7f\xe3\xc8q\x93\x86\x86\x0e\x92\
\x14\x14\x80\x0a\xd9\xe9\xa2y;\xb9\xdb\x85\x03\xb6C\xae\
u\x05r3-\xa9K\xa5\x8ey\xe9\xaa\xc3V\x96s\
\xd8\xa6\x93f\x9cb\xf2\xdb%mR\xceqQ1\xc7\
Z\x83\xeek>\xe8\xfa\xc2^\x8a=\xc8Q\x00*!\
\xedQ\xa7\xdb\xd5\x92h\x9a@x\xae\xd8O[p\xcd\
\xe1\x8b\xca9h\xd3I\xb7|N\xd2\xb5\xe2\xe5\xd4U\
\xc6?\x91\xe9\x5c\xf3\xe0\x8e\xe3\xae\xdc<t\x92\xd0(\
\x00\x15\xd0\x14=\xf2E\x93>\x1e:\x07\x00\xc9\xe5\x97\
\xb5N>\xea\xb6r\x8e\xd9x\xe2\xcd_\x91\xfcJ\xf1\
;\xb4J\xf9\xd8\x8e\xfa\xba\x07G\xeds\xf5V\xa1\x93\
\x84\xc4\x0fo\x99\x8d\xba\xf8\x91\x1dL\xf6\x83\x01\xdf1\
\x17\x01\x02\xd9<\xda\xb6\xbc\xe3\x82r\x0e\xd8t\xd2\x8c\
s\xcc\xec\xe7\xe2_]\xb5\xfbO\x8fR\x0f\xd4\xf2L\
\x00\x05\xa0\xccR\xb1\xae\x904<t\x0e\x00Zn\x19\
?Y\xd3'f\xca5`\xf3\xc97\x7f]\xd2\x0f\xcb\
5\x1e\xc22\xf9\x98\x8e\xfa\xfa{\x1b\xf7\xbdrD\xe8\
,!P\x00\xcah\xf4E\x8f\x1e*\xe9\xd0 ;\xe7\
\x22@\xa0\x07\xffF\xcbo\x8fj-\xd7hM'\xcf\
8\xd6\xdd~T\xae\xf1\x90\x14>\xd6\xad\xee\xee\xad\xf6\
\x9f\xb2q\xe8$\x03\x8d\x02P&#\xd3s\x86\xba\xfb\
\xcfC\xe7\x00 I\xba\xbb\xf5\xba#\xaf.\xd7`\xcd\
\xa7L\x1f'\xe9\xb7\xe2w\xe6`\xb5\xe7\xb0\xb8\xe3F\
M\x98VS\x17t\xf2\xc3\x5c&u\xa9\x86s%5\
\x85\xce\x01@\xcb,\xca|^\xb2\xb2\xcc\x8b5\x7f\xe6\
\xe61\x1eG\xb7H\x1aR\x8e\xf1\x90X\x877.Y\
\xf6\xe3\xd0!\x06RM\xb5\x9dJ\x19u\xf1#;D\
\xae\x9b$\xd5\x07\x0bQ\x8b\x97#\xd5\xe2\xd7\x8c\x02\xf8\
\xb7Z\xaf\x1d?\xbb\x1c#\xedt\xda\xed\xdb\xc4\xb1?\
$\xa9\xa6\xaf\x16\xaf!\x1f}W\xe3\xe1o\xbc\xd5v\
GE\xde!2i\x98\x01(\x83\x94\xeb\x12I\x1b\x85\
\xce\x01\xc0\x1fo]\xd6\xf1?\xe5\x18i\xdc\xb89u\
\x9d\x99\xcc\xef$m[\x8e\xf1P-\xec\xe7\xa3\xf6\xb9\
z\xbf\xd0)\x06\x02\x05\xa0D\xcd\x17>\xfa\x01\xb9>\
\x1d:GM^\x04X\x8b_3\xf2\xe9\x8c\xe5\x9f+\
\xd7U\xff\xcfm\xbf\xe4\x87r\xee\xe7Q\x83R2\x9b\
\xba\xdd~\xd7n\x13:H\xa5Q\x00J\x15\xf9\x0f\xc5\
\xf3\x08\x04g\xd2\xd5\x8b\xae\x1b\xff\xb7r\x8c\xd5x\xca\
-\xe3M\xfaZ9\xc6BU\xda\xaa.\xe3\xd3\xc6\x8e\
\xbd2\xdci\xdd\x01\xc0\x81\xab\x04\xcd\x17=\xb2\xbf\x5c\
\xc9\x98*\xe2|8j\xdb\xdb^\x9fI\x97c\xa0\xc6\
Sn\x1em\xae\xebT\x8b\xff\xaaLO\xc9\xf5\xd5(\
\xb2]W\xac\xc8\x0c_\xb1\x223<\x8alWI_\
\x95\xf4\x8f\xd0\xf1\x06\x94i\xcf76K}?t\x8c\
J\xaa\xbd\x1f\xf0rq\xb7\xe6\x8b\x1f{\x5c\xf2\xb1\x85\
OE{q\xd3\xd69\xd7\xcd\xf2@\xb1\xd3\xe1^\xc4\
F}\xae\xe6Y?\xec{u\xcf\xb1\xbc\xc7\xc2\x5cc\
z\xceO\xca7V\xbe\xefA\x99\xc6r\xcf\xf5@\x9e\
\x059\xf7]\xe4Xy\xbf\x86\x0a\x8f\xd5\xaf\xefQ\xf6\
\xef\xb3\xcb\xbe\xddv\xed\xe1%\xdf\xa0g\xec\x19W\xd6\
\xbf\xd5\xbe\xe5\x9f$\xff@\xd6\x9f\xd3l\xd9\xba<\xe7\
\xbd7\xc9\xf3\xdcd\xfb^e\xfb\xd9\xe9\xb9Z\x9e\xe7\
\xa1\xef}\xf6x\xe0\x9d\x0f\xdbe\xfe\xb5\xb6\xff|\xe6\
\xca\x9c\xef\x968aZjT\xe7\x9a\xcf\x9b\xeb\xa7\x92\
\x1az\xe7\xca\xf7\xf5\xe4y\x0e\x8b\xd8\xae\xf7\x8f^\x7f\
\x9f\x87\x02\x9e\xfb\xb5\x9fg$\xdf{\xd1\x03\x9f{8\
\xcb(U\x8f\x02\xd0O\xcd\x17?|\x98<\xbaCR\
\x11\x07_\x0a@\xf7u(\x00\x12\x05\xa0\xd7\xc2\xe2\x0b\
\xc0\xe2Lf\xd3\xf7-\x9e\xbc\xf7\xea\x1c[\x16\xac\xe9\
3\xb7\x9e/\xf9E\xdd\xf3\x0d\xfa\x02\xd0n\xf2\x83Z\
o9aN\x96-zi:j\xca\xa7\xdc\xa3{\xe4\
j\xe8>\xf6\xa0,\x00\x92\xb4\xd8,\xb3{\xdb\xec3\
\x97f\x19\xa9\xaaq\x0a\xa0?\xdcM\x9e\xfa^\xe8\x18\
\x00$s\xbb\xb8\x1c\x07\xff\xe6\xcf\xdc<F\xf2\xf3\xcb\
\x91\xa9\xaa\xb8}\xb5\xd0\x83\xbf$\xb5\xdez\xf2\x83.\
\xffF%#%\xcc\xc8\xd8S?\x0d\x1d\xa2\x12(\x00\
\xfd0\xfa\xe2\xc7\x0e\x91|l\xe8\x1c\x00\xd46\xa2\xee\
\xe5)%\x8f2aZ*6\xbbV\xb5v\xb3\x1f\xd3\
Sm\xef_pU\xb1\x9b-\xaa\x1f\xf2\xbf\x92\xe6W\
 Q\x22\x99t\xea\xc8}\xaf\x1e\x17:G\xb9Q\x00\
\xfa\xc5\xbf\x1b:A/\x9c\xccA\x0dr\xe9\x92'\xaf\
:\xb3\xa3\xd4q\x9a6\xae\xfb\xba\xb9\xfdW92U\
\x13\x8b\xed\x9a\x9c\xe7\xfc\xf3\x99>1#\xd9\xb5\x15\x88\
\x94TfnW\x8d\x1c7ih\xe8 \xe5D\x01(\
\xd2\xe8\xef\xcf\xdb\xcf\xa5\x0f\x87\xce\x01@m\xefJ\xfd\
{j\xa9\x834\x9e|\xe7\xf6\x92\x06\xf5\xd5\xde\xb9X\
]\xa6\xdfwL\xb4(3\xab\x9cY\xaa\xc0\xe8(\xea\
\xfcv\xe8\x10\xe5D\x01(\x92\xa7\xac\x96\xce}\x01\x89\
ef?)\xc7_\xffQ\x94\xb9T5z'\xcf!\
jx\xae\xbf\xdb\xd6e:\x9e-g\x96j\xe0\xd29\
\xa3>u\xcd\x0e\xa1s\x94\x0b\x05\xa0\x08\xcd\x17\xce\x1b\
#\xd7\xfe\xa1sdU\xec\xab\x00\x80\xea\xb6dH\xfd\
\xea\x92\xcf\xfd\x8f>\xe5\xd6\xdd]\x1e\xfeN\x9e\x81\xcc\
\x9f>qy\x7f\xb7]p\xc7\xe9\xcb\xca\x99\xa5:\xd8\
F.\xbf4t\x8ar\xa1\x00\x14\xc3\xa2\xaf\x89\xb3\xed\
@p\xe6~\xd5\xfc\xff\xe9\xff\xc1k\xbdX\xfa\xb1\xf8\
=\x88\x22\x98\xf4\xe9\xa6\xbd\xaf\xd93t\x8er\xe0\x07\
\xbf@M\xe9G\xb6\x94\xfc\x84\xd09\x00\xa8\xc3c\xfd\
\xba\xd4A\x1aO\xbd\xe5PI\xfb\x94!\x0fj\x8b\xb9\
\xc5\x17\x85\x0eQ\x0e\x14\x80\x02Y\xcaO\x974\xa8\xae\
\x00\x05\xaa\x91\xb9\xdf\xd1:\xe9\xc8\xe7K\x1a$\x9d\x8e\
\xcc\xad\xe4;\x07\xa26\xb9l\xef\x91{_\xf5\xc9\xd0\
9JE\x01(\x84\xbbIvz\xe8\x18yqb\x02\
5\xc2e\xd7\x94:F\xe3\xe2\xdd\x8e\x94\xb4K\x19\xe2\
\xa0F\x99\xa2\x8bCg(\x15\x05\xa0\x00\xcd\x17>\xb6\
\xbf\xa4\xa6\xd09\x00\xe8\xf9\xd6\xb7\xdbK~\xf9\x99\x99\
}\xb3\x1caP\xc3\xcc\xf7\xaa\xf6Y\x00\x0a@\x01\xcc\
\xe23Cg\x00 \x99\xd9\xa4\xb57\xa1\xe9\xbf\xc6\xd3\
n\xd9K\xae\x8f\x95+\x13j\x97Yu\xbf,\x9c\x02\
\xd0\x87\xf7]\xf2\x87\xffp\xb3CC\xe7\xe8\x13/\x03\
\xc4\xe0\xe7)\xd7\xe4R\x071\xe7\xaf\x7f\x94\xcd!\x8d\
\xfb\x5c\xb5c\xe8\x10\xfdE\x01\xe8\xc3\x1a\xaf;AR\
}\xe8\x1c@\xad3\xe9\xf1\x05\xd7\x1c\xbe\xa8\x941F\
\x9dv\xfbN\x92\x0e+S$ \xf28\xfaJ\xe8\x10\
\xfdE\x01\xe8\x83\xb9\x8e\x0f\x9d\x01\x80\xe4\xb2\x9bK\x1d\
#R\xfc%\xf1{\x0fe\xe5'\xef\xb4\xe7\xb5\x9b\x84\
N\xd1\x1f\xfcC\xc8c\xc7K\x1f\xddY\xd2\x07B\xe7\
(\x08\xaf\x02\xc0 \x97\x8amF)\xdb\x8f\x990\xad\
A\xae\x9a\xbd\xeb\x1f*f\xf8\x9a\xfaxb\xe8\x10\xfd\
A\x01\xc8#\xd3i\xdc\xf8\x07H\x02\xd7\x13\x0b\xaf;\
\xb4\xad\x94!Vo\xd2p\x88\xa4\xcd\xcb\x94\x08\xd8\xc0\
M\xa7\x85\xce\xd0\x1f\x14\x80\x5c\xdc\xcd\x22\xaf\x9e\xe9\x7f\
.\x02\xc4 \xe6\xb2\xbbJ\x1f\xc4?S\x86(@/\
&\xed\xb1\xc3'\xae~_\xe8\x1c\xc5\xa2\x00\xe4\xd0x\
\xd1\xa3\x1f\x92\xab1t\x0e\x00R$\xbf\xaf\x94\xed\x9b\
N\xbaeKI\x07\x97)\x0e\xd0K\xaaN\xc7\x86\xce\
P,\x0a@\x0e\xa6\xe8\xf0\xd0\x19\x00H&\xbd\xd9\xb2\
t\xf5\xe3\xa5\x8c\xe1\xa9\xd4\xa7\xc5\xabyPI\xee\x13\
BG(\x16\x05 \x073?*t\x06\x00\x92\x9bf\
\x95z\xf3\x1f3\xf1\xef\x19\x15\xe5\xb2]\xb6\xdf\xe77\
Uu{i\x0a@\x16M?x\xb4Y\xd2\x98\xd09\
\x00H&\x9b]\xca\xf6\x8dgL\x1b!\xf9\x1e\xe5\xca\
\x03\xe4\x92\xf2h|\xe8\x0c\xc5\xa0\x00d\x11\xc5\xfc\xb5\
\x00$\x85\xc5\xf6H)\xdbGk\x86\xec/\xa6\xff1\
\x00\xdcuP\xe8\x0c\xc5\xa0\x00d\xe1\xce\xc5B@B\
,y\xe6\x9aC\x9e.i\x04\x8b\x0f,S\x16 /\
\x93>2r\xdc\xa4\xcdB\xe7(\x14\x05\xa0\x87m\xd2\
O\x0c\x93\xaa\xf0\x8dB\xb8\x11\x10\x06%{T\xb2\x12\
^\xe4\xea\xe62\x0a\x00\x06J]d\x1d\xfb\x84\x0eQ\
(\x0a@\x0f\x1b\xd5w|R\xd2\x90\xd09\x00H\x92\
\xfeX\xca\xc6\xa3O\xb9\xed\xfd\x92\xb6)S\x16\xa0o\
\xae}CG(\x14\x05\xa0\x07\xf3\xb8j\xbey\xc0\xa0\
\x17\xc5O\x94\xb2\xb9G\xb6g\xb9\xa2\x00\x85\xf0HU\
\xf33G\x01\xe8\xc5\xf6\x0b\x9d\x00\xc0Z)\x8b\x9e*\
e{w\xffp\xb9\xb2\x00\x05q\x8di\xdc\xf7\xca\x11\
\xa1c\x14\x82\x02\xd0E\xf3\xa5\x7f\xd8B\xd2\xae\xa1s\
\xf4\x0b\xb7\x02\xc6\xe0\xb3d\xe1o\x0e{\xb1\xa4\x11\xcc\
(\x00\x18h\x91\xc7\xfa\xaf\xd0!\x0aA\x01\xe8*S\
\xff1q9\x1d\x90\x08\xee*\xe9\xaf\xff\xe6\x13fn\
*i\xe72\xc5\x01\x0a\x17\xdbGBG(\x04\x05\xa0\
;n\x16\x02$\x85\xe9\x1f\xa5l\xeeC:\xc6\x8a\xdf\
q\x08\xc2\xabb&\x99\x7f\x1c]8w\x0b\x03\x12\xc3\
\xccKz\xfb_\x99\x8f-S\x14\xa0(.\xa3\x00T\
\x93\xb1W>Qo&~a\x00\x09\xe1n\x8bK\x1a\
 Vsy\x92\x00\xc51i\xa7\xe6\x83~\x99\xf8\x97\
\x93S\x00\xd6Y\xf2J\xfb\xee\x92\x86\x85\xce\x01`-\
\xf3hq)\xdb\xbbiT\x99\xa2\x00\xc5\xaa\xeb\x5c5\
$\xf1?\x7f\x14\x80uRf\x1f\x0c\x9d\x01\xc0;\xea\
\x87\xacY\x5c\xca\xf6fj*S\x14\xa0\x1f|d\xe8\
\x04}\xa1\x00\xac\xe3f\xbb\x85\xce\x00`\x83\x95O\xff\
z\xfc\x1b\xfd\xdez\xc2\xb4\x94\x5c\xdb\x971\x0fP\xa4\
hd\xe8\x04}\xa1\x00l\xe0\xbb\x87N\x00`\x83\xd7\
J\xd9x\xe4\xc6\xf5\xdb\x89w\x00DP\xb6C\xe8\x04\
}\xa9\x0b\x1d \x11\xdcM\x97<V\x15Wm\xe6d\
\xe2f@\x18<Lo\x96\xb6\xb9mW\xae(e\xf6\
\x94\xe4\xd7F\x1e\xcd^V\xb7j\xf1+SO^\x11\
:P)\xdan?1\xe8}S\xb6\xda\x7f\xca\xc6\x9b\
X<\xb2S\xbe\xafE\xf6Yyr^~g\xe6\xef\
\x0d\x9d\xa1/\x14\x00I;^6oT\xac\xd4\xa6\xa1\
s\x00X\xcb\x5c\xaf\x97\xb2}*\xb2wy\xb2\x1aq\
\xbb\xe4_k\xdb\xf1\x9fW*\x9d\x8eC\x87\x19,^\
\xb9\xff\xe4\x15\xafH\xf3%\xcd\xd7\x84iW\x8cz{\
\xe5\xe7%\xff\xa9\xa4\x86\xd0\xd9<\xd6{Bg\xe8\x0b\
\x05@\x92w\xa6v\xe1\xfe\x7f@r\xb8\xac\xff\xe7\xff\
%\xc9\xe2\x11\xf2\x84\xfc\xa36\xb5\x9bG\x07\xb5\xdex\
\xf4\x9c\xd0Q\x06\xb5\xe9\x133\x8b\xa4_7\xed\x7f\xdd\
\xbfb\xb3{\x14\xb8\x04\x98%\xbf\x00p\x0d\x80$7\
^/\x0c$\x8b/-ik\xd7f\xe5JR2\xb7\
\xafr\xf0\x1f8\xad\xf7\x9f\xf6\xa0\xe4\xdf\x08\x9dC\xa2\
\x00T\x09\x1b\x1d:\x01\x80.\x5c\xed%moQR\
\xde\x8d\xed\xa9\xb6\xd1\xff\xb8*t\x88Z\xb3h\xd3\xe1\
\xff\xebkO\x0d\x84\xb4I\xe0\xfd\xf7\x89\x02 I\x8a\
)\x00@\x92D^Z\x01H\xc8\x0c\x80\xb9]\xc39\
\xff\x00\xa6O\xccD\xaek\x03\xa7\x08~\x1dB_(\
\x00\x92$\xe3\x14\x00\x90$\xb1\xad)es\x97oT\
\xae(\xa50\x8bg\x87\xceP\xabL\xf1\xac\xa0\x01\x5c\
\xdc\x0a8\xe9\xc6^\xf9D\xbd4\x08n\x18\x92\xa8\x0b\
\x9e\x81\xd2\xb8\xa9\xa4\x02`R\xa6\x5cYJ\x91\x1a2\
\xe4\xf9\xd0\x19jU\xddP{6h\x00\xa3\x00$\xde\
[\xaf\xc5[KJ\x85\xce\x01\xa0\x0b\xb7\x92.\xe1w\
Sg\xb9\xa2\xa0:e:\x86\x84~\x19H\xe2O\xfd\
\xd4|\x01H\xa9\xf3?Bg\x00\xd0]$\x1fZ\xca\
\xf6\xe6\xc9(\x00\x99\xf6\xf6\xa4\xde\x90h\xd0\xf3\xcc\xea\
\xb03\xbb\xaeUA\xf7_\x80\x9a/\x00\xee\xb6m\xe8\
\x0c\x00\xba\x8bK\x9c>M\xca)\x80\xd8\xb4_\xe8\x0c\
\xb5\xca\xa3\xd4\xfeA\x03\x98\xad\x0c\xba\xff\x02P\x00,\
\xde:t\x06\x00\xddY\x89\x17\xf1\xb9{\x22f\x00\xe4\
\xfa\xac&L\xe3\x14\xe3@\x9b0-%\xf7\xd3\xc3\x86\
pf\x00\x92\xce\x5c\xdb\x84\xce\x00\xa0'+\xed\x14@\
\x14%\xe4\xaf/\xdbuTC\xf4\xf9\xd0)j\xcd\xc8\
e+\xbf\xe4\xd2.!3\xb8\x94\x90\x9f\xc1\xdcj\xbe\
\x00\xc4\x91m\x1e:\x03\x80\x9eJ+\x00\xf2\xf8\xd52\
\x05)\x99\xc9\x7f\xdax\xc2\xf4}B\xe7\xa8\x15\x8d\x07\
\x5c\xb7\xaf\xb9\xff8t\x0e\x931\x03\x90tQlI\
\xb9c\x18\x80\xf5\xdcK\xba\x91O\xec\xfeJ\xb9\xa2\x94\
A\x83\x5c3G\x1d?\xed\xcb\x9c\x0e\xa8\xa0\x09\xd3R\
#\x0f\x9c|\xb6\xcbf*\x09o\x05\xed^\xd2;Z\
\x0e\x84\x9a\x7f3 \xb7\xd2~\xd1\x00(?7/\xe9\
\xda\x1c\x8f\xecUK\xd6\xbd1\x1aL\xf6\xab\xc6z}\
^\xc7\xdf|\xad\xa5\xa2YCWw.\x9e?}\xe2\
\xf2\xd0\xc1\xaa\xd9\x98q\xbf\x1e\xbe\xbaa\xc8H\x8fR\
\xfbk\xd9\x8a\xd3\xdd\xc3N\xfbw\xe5\xd2\x0b\xa13\xf4\
\xa5\xe6\x0b\x80d\x9bq\x17\x1d Y\xcc\xad\xb4\x02\x90\
\xd1\xab\x09\x9d\xdf\x1c#\xf9O=\x93\xd1\xaa:\xa9\xf1\
\xd3\xd3\xba?\xeaY>\xe9\xf9\xeb\xc9\xb3,,d\xbb\
,\xdb\xb6\xcd8\xbe\xa4\xd7\xca7\x1eq\xfd;\x83y\
\x96\x1dz\xaf\x0f\xb2|=\x85o\xd7s\xcd\x95\xd9\xb6\
M\x0a\xb3\xe7BG\xe8K2\xff\x89\x0c(f\x00\x80\
\xc41mQ\xcaty\xe7\x8a\x8e$\x9d\x02@\x0d\xb2\
*\x98\x01\xa0\x00T\xc1;6\x015(5r\x8b\x8d\
\xb7\xe8\xef\xc6/L\x9f\xb8JRb.\x04D\xedq\
s\x0a@\x15\x08\x7f\xb1\x08\x80^,\x13oU\xe2\x08\
\xff*O\x12\xa0xq\x14'\xfe} (\x00\x14\x00\
 \x91\xa2X\x8d\xa5\x8d\xe0\x14\x00\x84\xd2\x19\xaf\x5c\xb9\
(t\x88\xbeP\x00\xaa\xe0=\x9b\x81Z\xe4\xa6\x9dJ\
\x1b@\x14\x00\x04\xe2O\xbf\xf0\xd8\xd7\xb9\x0f@\x15`\
\x06\x00H s/\xa9\x00\xc4)N\x01 \x98\xbf\x86\
\x0eP\x08\x0a\x00/\x85\x04\x12\xc9e\xef+e\xfb\xfa\
5\xd1?\xcb\x95\x05(\x8e\xfd-t\x82BP\x00\xb8\
\x09\x00\x90H\xa6\xd2f\x00\x16N9\xecEU\xc1K\
\xb10\xf8\x98\xc5\x7f\x09\x9d\xa1\x10\x14\x00\xa9=t\x00\
\x00Ym6\xf2\x8bw\x97\xf6n\x9d\xa6G\xca\x94\x05\
(X\x9d3\x03P-:B\x07\x00\x90]\xd4\x91\xf9\
Pi#\xd8\xbc\xf2$\x01\x0a\xe5\x0b\x16\xce=\xf3\xf5\
\xd0)\x0aA\x010\xad\x08\x1d\x01@v\xe6\xfah)\
\xdbG\x99\x98\x02\x80\x01f\x0f\x84NP(\x0a\x80+\
\xf1\xef\xd8\x04\xd4\xb0\x92\x0a\xc03#\xff\xf6wIK\
\xcb\x94\x05\xe8Sl\x9a\x1d:C\xa1(\x00RUL\
\xd5\x005\xc9\xf4\xe1\x92\xdeB7\x9d\x8e\xe5b\x16\x00\
\x03%\xe3k:\xe7\x86\x0eQ(\x0a\x80Q\x00\x80\x04\
\xdb\xb4\xf1]\x0d\xa5\xbd\xc5\xab\xe9\xce2e\x01\xfa\xf2\
\xe4s\xf3\xbe\xb8$t\x88BQ\x00\xdc\x13\xff\x96\x8d\
@-3E{\x94\xb2}\xc6\xebo\x97\x14\x97)\x0e\
\x90\x9b\xd9\xac\xd0\x11\x8aQ\xf3\x05\xc0=Z\x1c:\x03\
\x80\xbc\xf6/e\xe3\xc5\x93\x0f\xf9\xb7\xa4?\x96)\x0b\
\x90\x93\xc7~s\xe8\x0c\xc5\xa8\xf9\x02\x10\xc9\x13\xff\x86\
\x0d@Ms\xed;\xf6\x8c+K\xbde\xf7\xade\xc9\
\x02\xe4\xf6\xf4\xe2\xb9gT\xc5-\x80\xd7\xab\xf9\x02`\
u\x19n\x17\x0a$\xdb\xa6o\xdb\xd6\x1f+i\x84\xc8\
n+S\x16 \x97\x1bC\x07(V\xcd\x17\x80\x85\xdf\
\xdek\x91\xa4e\xa1s\x00\xc8\xcd3vP)\xdb\xb7\
^{D\x8b\xa4'\xca\x14\x07\xe8\xc5\x22\xff}\xe8\x0c\
\xc5\xaa\xf9\x02 3\x97\xf4T\xe8\x18%\xb3\xd0\x01\x80\
\xca\x89\xcd\x0f,y\x10\xd3\xd5e\x88\x02d\xf3d\xdb\
\x03g,\x0c\x1d\xa2X\x14\x00Inz<t\x06\x00\
\xb9\x99\xec\xfd#?\x7f\xeb\xc8R\xc6\xa8St\x93\xa4\
\xe5\xe5I\x04\xbc\xc3\xa5)\xa13\xf4\x07\x05@\x929\
o\x18\x02$\x9cE\x9du\xc7\x952\xc0\x82\xeb\x8eX\
&\xf9\xef\xca\x15\x08XgY\x94\x8a\x7f\x1b:D\x7f\
P\x00$\xa5:c\x0a\x00\x90p&\xfft\xa9c\xc4\
\x91q\x1a\x00\xe56\xa9m\xf6\x99Uy\xbbi\x0a\x80\
\xa4\x05\xe9\xbd^riA\xe8\x1c%\xf1\xd0\x01\x80\x8a\
\xdb\xad\xe9\xf4\xbbv-e\x80E\xd7\x1e\xf5\x7f\x92\xfe\
\x5c\xa6<\x80[\xe4\xbf\x0e\x1d\xa2\xbf(\x00\xeb\x99\xee\
\x0d\x1d\x01@\x1f\xac\xb3\xe4Y\x00\xc9./}\x0c@\
r\xe9\x9ej\xbc\xf8o=\x0a\xc0:&\xdd\x13:\x03\
\x80\xfc\x5c\xf6i\xa5\xd3%\xfd\xdej\xdd\xe1\xaf\xd3M\
\xf6t\xb92\xa1\x86\x99\xfd*t\x84RP\x00\xd6\xdb\
\xe4\xad\xb9\xe2mC\x81D3iT\xd3\xf3\x1f(\xe9\
\xd6\xc0J\xa7c\xb7\xf8\xb22EB\xedz|\xf1\x03\
\xa7\xdf\x17:D)(\x00\xeb\xb4\x9c}p\xbb\x5c\xb7\
\x87\xce\x01 ?3}\xa9\xd41Z\x97w^/W\
K9\xf2\xa06E\xd2\xb7%\xab\xea\xab\xaf(\x00]\
X\xe4\xd3Bg\x00\x90\x9fK\x07\xef\xf4\xd9;F\x95\
4\xc8\xf4\x89\x19I?*O\x22\xd4\x1a\x93\xcfi}\
\xf0s\x0f\x86\xceQ*\x0a@\x17\xef\xedXs\x9fK\
/\x87\xce\x01 \xaf\xa8S\xfe\x85R\x07\xd9n\xd4f\
\xd7I>\xbf\x1c\x81P[2\x96\xfaN\xe8\x0c\xe5@\
\x01\xe8bnz\xefNs\xab\xca;:q+`\xd4\
\x98\xd3\xb6\xfd\xda\xb4\x8dJ\x19`nz\xefNI\xdf\
,S\x1e\xd4\x8e\xbb\x9e}\xe0\xf4\xc7B\x87(\x07\x0a\
@\x0f^\xe7\xd7\x88W\xd5\x03I\xf7\x9e\xa1\xcb\x87\x9e\
Z\xea \xad\x93\xc7\xdf+\xd9\xdd\xe5\x08T\x8dv:\
\xfc\xdaMBl[\xc5\xda\xe5\xd1\xa0)\x8d\x14\x80\x1e\
Z\xcf\xdb\xa3\xc5d\xd5\xf7\x92@*\x0bj\x8c\xbb\x9f\
;f\xc2\xb4\x86\x92\xc7\x89\xe3\xafKZS\x86HU\
'3d\xc8v\xfd\xdd\xb63U\xbfC9\xb3T\x89\
\x1f-\x9aszu\xdf4\xae\x0b\x0a@\x16\xb1\xc7?\
\x09\x9d\x01@\x9f\xb6_=b\xe8)\xa5\x0e\xd26e\
\xfc\xc2j\x7f=w\x7f\xc5\xb1\xed\xd7\xdfm=c\xa5\
\xbd\x1c\xb3\xfa<\xdb\xbeq\xe6\x07\xa1C\x94\x13\x05 \
\x8b\xd6\x0b\xf6|P\xdc.\x14H<w\xff\xf6\xd83\
\xae\xac/u\x9c:\x8b\xbe/iq\xe9\x89\xaa\x8c\xdb\
g5aZ\xaa\xe8\xed&LK\xc9\xec\xf4\x0a$J\
\xac\xd8\xed\x0b/\xddy\xe6\xca\xd09\xca\x89\x02\x90\x8b\
\xf9\x85\xa1#\x00\xc8\xcf\xa4QK2[\x9fT\xea8\
\x0b\xae;b\x99\x99\x9d*).C\xacj\xb2\xeb\xa8\
\xce\xcc\xe7\x8b\xdd\xa8\xa9\xb3\xe3K\x92v\xa9@\x9e\x84\
\xb2\x9b\x9f}\xf0\xf4\xea;5\xdc\x07\x0a@\x0e-\xdf\
\xd9\xe3\x0eIO\x84\xce\x01 ?\x93\xbe\xd3|\xd6\xcc\
!\xa5\x8e\xd32\xf9\xa8\xb92\xd5\xdc\xa9\x003\xffi\
\xe317\xedS\xe8\xfa\x8dG\xdc\xb0\xaf\xbb\xff\xb8\x92\
\x99\x12\xe6\xdfQjM\xc97\x9fJ\x22\x0a@.f\
\xaeX\xe7\x87\x8eQ0^\x06\x88\xda\xd5\xe8+;\xbe\
R\x8e\x81\xdaWt\x9e'\xaf\xf2w\x06-^\x83b\
\x9f9\xea\xe8\x1b\xbe\x9c\xf7t\xc0\x84i\xa9\xa6\xa3n\
8[\xe63%\x95|\xda\xa5J\xb8[|J\xeb\xfd\
_x5t\x90J\xe0\xb0\xd1\x87\xd1\x17=v\xb7+\
>8\xefJ\x05_\x81\xef\xc5]\xad\x9fs\xdd,\x0f\
\x14\xfb*\x00/b\xa3>W\xf3\xac\x1f\xf6\xbd\xba\xe7\
X\xdeca\xae1=\xe7'\xe5\x1b+\xdf\xf7\xa0L\
c\xb9\xe7z \xcf\x82\x9c\xfb.r\xac\xbc_C\x85\
\xc7\xea\xd7\xf7(\xe7\xf7\xf9\xed\xd8\xb4\xe3\xa2k\x8ex\
%\xc7\xd6\x05\x1b}\xd2m\xff\x15G\xf1<\xb9\xeaz\
\x05\xcd\x96\xad\xcbs\xde\xfbG;\xcfs\x93\xed{\x95\
\xedg\xa7\xe7j\xf9\x9f\x87>\xf6\xd9\xe3\x81\xde\xdf\xcb\
\xf9r]k\xca\xcc\x1aZ7t\xb1$\xad\xee\x5c=\
\xd2U\xb7\xbf<>]]\xa7\xfd{\xe5\xca\xf7\xf5\xe4\
\xd9g\x11\xdb\xf5\x8e\xdb\xdf\xe7\xa1\x80\xe7\xde%\xc9~\
\xb2\xe8\x81\xd3\x07\xcd\xcb\xfezb\x06\xa0\x0fq\xc6\xbf\
\xa2\x1a}\x89\x10PE6\x8db\x95\xe5\xba\x9dg\xa6\
\x1e\xf9'\xf7*\x9a\xfd+\xaf1\x92~\xeaJ=\xb5\
\xaa\xb3c\xd9\xaa\xce\x8ee\xae\xd4Sr\xff\x89j\xea\
\x9c\xbfd\xf2?\x0f{\xf7&\xff\x1d:G%Q\x00\
\xfa\xd0\x9a\xde\xa3\xc5]?\x0f\x9d\xa3O\xcc\xe5\xa0\xd6\
\x99N\x1fu\xda-\xef/\xc7PmS\x8e\xba\x5c\x12\
\xef\x0dR\xbb\x96I\xfe\xe9\xf9\xd3'\x0e\xea?\xfe(\
\x00\x05h\x1fni\x19\xef\x1c\x06$\x5c\xca\x14\xfdR\
\xf22\xd4a\xf3\x8d}\xe3\xd3$=U\xfaX\xa82\
\x19\xf3\xf8\xf8\xb6\x07\xceX\x18:H\xa5Q\x00\x0a\xf0\
\xc2\xd7\xf7X\xe5\xae3\x95\xe4\xfb\xed%7\x190`\
L\xfaD\xe3iw\x9cY\x8e\xb1\xfe>\xf5\x80\x15\x8a\
S\xe3%-)\xc7x\xa8\x12\xa6s\xdb\x1e8\xe3\xae\
\xd01\x06\x02\x05\xa0@\xad\x17\xec\xf9\xa0K\xbf\x0c\x9d\
\x03@~&\xffa\xd3\xa9\xb7\xf5\xfb\x16\xb7]\xb5^\
\x7fD\x8b\x22;^R\xa6\x1c\xe3!\xe1L\xd7.\x9a\
uz\xcd\xdc\x09\x96\x02P\x04\x1b\xb1\xf4\x5cI\x7f\x0b\
\x9d\x03@^\x9b\xca\xec\xcar\x0d\xd6:y\xfc\xbd\xe6\
:U\xcc\xb3\x0dv\xf3Ru+\x06\xe5\xeb\xfds\xa1\
\x00\x14\xa1\xe5\xec\x83\xdb\xe5~\x82d+Bg\xe9\x85\
\x8b\x00\x81.\xfc\xa0\xe6So=\xb1\x5c\xa3\xb5L=\
z\xaa\x5c\xdf*\xd7xH\x18\xd3\xdf\xd7x\xdd\x91-\
\xf7\x9c\xdd\x1e:\xca@\xa2\x00\x14\xa9\xe5\xbb{\xcdw\
\x8b\x93w\x0fl\xfe6\x01\xba3\xfbE\xb9N\x05H\
R\xeb\xd4\xa3\x7f\xe2\xd2\xa0z3\x18H\x92\xfe\x15\xa9\
~\xbf\x17\x1f\xf8\xcc\x1b\xa1\x83\x0c4\x0a@?\xb4\x9e\
\xbf\xd7\xef%\xd5\xccy\x22\xa0\x1a\xb9\xf4n\x99\xdd8\
.=\xa7\xae\x5cc\xb6M\x1d\xff\x1d\xb9\xcavz\x01\
\xc1=\x13G\x9d\xfb\xb4\xde\x7f\xf2\xa0\xbc\xd3__(\
\x00\xfd\xd4\x92\xd9\xe3\x1c\xc9x\x9d0\x90h\xbe\xd7\xf3\
\xcf-\xfd~\xf9\xc63om~\xea\x8b.][\xbe\
1\x11\xc8\xa2\xc8l\x9fg\xef;\xf3\xe5\xd0AB\xe1\
\xccq\x09\xc6\xa4\xe77\xac\xa9{k\xa6\xc7*\xf0\x8d\
4*x+\xe0\xbc\xeb\xe7Z\x97[\x01\xf79\x16\xb7\
\x02\xae\xdcX\xe5\xbd\x15\xf0\xba\xcf\xb3\xee'\x8e\xdd\x0e\
\x5c4\xf9\x88Y9F\xee\x07\xb7\xa6\x93g\x5c.\xb7\
o\x0e\xb2[\x01\x17\xb6]\xd6\x5c\xd5s+`W\xdc\
\xaa(\xb5\xef\xe2{O]\xdc\xfb\xd1\xda\xc1\x0c@\x09\
\xe6\xa7\xc7\xac\x89\xea\xfd(\xc9\x9e\x0c\x9d\x85k\x00\x80\
\x9c\xa2\xc8|\xea\xc8S\xa6m]\xbe!\xcd[\xa7\x1c\
\xf3-7?O\xfc\xeb\xab.\xae\xc7Sj\xd8\xa3\xd6\
\x0f\xfe\x12\x05\xa0d\x0b\xce\xddkY\x14\xb7\x1f\xe8\x0a\
\xfc\x0eb\xb58\x97S\x8b_3\xfak\xab\x94\xd5\xcf\
(\xc7\xdb\x06w\xd56\xe5\x98\xcb\xb4\xf6%\x82\x9d\xe5\
\x1c\x17\x153\xbba#\xaf\xd9s\xfe=Q\x00\xca`\
az\xef\xd7\xeb\xe3\xe8@I\xcf\x04\x0bQ\x8b\x7f\x83\
\xd4\xe2\xd7\x8cR\xec\x11/o\xbf\xa6<\xb7\x0a~G\
\xeb\x0d\xc7\xfc\xd6\xcd\x8f\x95\xb4\xbc\x9c\xe3\xa2\xbc\xdc5\
i\x875\xcf\x1d\xb4\xe0\x8e\xd3\x97\x85\xce\x92\x14\xfc\x0d\
UFM\xe9G\xb6\xb4\xc8fJ>6\xfb\x1a\x15\xbc\
\x06\xa0\xd8\x83!\xd7\x00\x146\x16\xd7\x00Tn\xac\x81\
\xbb\x06\xa0\xc7\x07~~\xeb\xa4\xf1\x97\xe4\xd8K\xbf5\
\x9dt\xcb\xae\xee\xf1\xad\x92\x9a\xb9\x06\xa0\xe7:A\xaf\
\x01\xc8HJ/\xba\xff\xd4K$\xe3\xcf\x86.\x98\x01\
(\xa3\xd6\xf4\x9e\xaf\x0e\x89\xdb\xc7I\xbao\xc0wN\
\x95\x03\x0ad\x175\x9dr\xcbq\xe5\x1e\xb5u\xea\xf8\
\x7fD\xbez\xac\xbbn/\xf7\xd8\xe8\xb7\xd7=\xd6!\
\x8b\xee?\xedb\x0e\xfe\xbdQ\x00\xcal~z\xef\xe5\
C\xe2\xcd\x0e\x97\xe9\xf7\x03\xbac~\xb4\x81B\x99d\
\xd76\x9f2\xe3\xa3\xe5\x1e\xb8\xe5\x86\x13\xdf^4\xfa\
\x1f\xe3M\xbaD\xfc\xab\x0c\xcb\xfc\x91\x8e\xfa\xd4\xee\x8b\
g\x9f6\xf0\x7f\x90U\x09\xfen\xac\x94\xb4GM\xd1\
\xa3?0\xe9[\xda\xf0<s\x0a\xa0\xfb:\x9c\x02\x90\
8\x05\xd0ka\xc5O\x01l\xf8pI\x1c\xf9\xde\x8b\
\xae\x1b_\x91\xf7\xf7h:a\xfaA\x92\xaeqi\x1b\
N\x01\x0c\xe8)\x00\x97\xf4\xb3w\xbf\xbe\xe6\xdbO>\
yfG\xef\xc1\xb1\x1e\x05\xa0\xc2v\xbc\xe8\xb1}c\
\x8f\xaf\x97\xb4\x15\x05\xa0\xe7:\x14\x00\x89\x02\xd0k\xe1\
\xc0\x15\x00Iz-\xca\xf8'\x9f\x99:\xfe_9\xf6\
Z\x92\xc6\x09\xd3F\xf8\x90\xe8r\x8b\xfd\x8c\xde\xb9(\
\x00\xc5nW@\x01xV\xae\xcf-\xba\xff\xd42\xde\
\xf3a\xf0\xa2\x00\x0c\x80\xe6\xf4\x1f\xb75\xcb\xdc\xe4\xe6\
{Q\x00\x94\xfd\x1fw\xcem)\x00E\xe5\xa2\x00\xe4\
\xd9O\xae\xe7\xcf_\xac\xcb\xd4}|\xc1\xd4\xc3\x17\xe5\
\xd8s\xc9F\x9d0\xed\x18s\xfb_I\x9b\xbf\xb3[\
\x0a@\xb1\xdb\xe5)\x00.\xf9\xd5\x0d\x0d\xfeM\xae\xf2\
/\x1c\x05`\x80\x8cK\xcf\xa9{>\xaa\xbb\xc4\xdc\xba\
\x9c\x12\xe8\x03\x05@\x14\x80\x22sQ\x00\xf2\xec'\xef\
\x81\xaf5\x15w~r\xe1\x94\x89/\xe6\xd8{\xc9F\
N\x98\xb6u\xaa\xc1~\xe1\xae\x89kwI\x01(v\
\xbb\xec\x05\xc0Z\x14\xe9\xf4E3O\xf9C\xef\x81\x90\
\x0f\x05`\x805_\xf8\x87O\xca\xa3_K\x1a\xd3\xe7\
\xca\xc5\x14\x80\xbc\xeb\xe7Z\x97\x02\xd0\xe7X\x14\x80\xca\
\x8d\x95\xac\x02 \xb9\x16+\x93\xda\xaf\xf5\xfa#Zr\
$(\x8bQ\xc7\xcf\xf8\x84\x14\xff\xdc\xdc?\xd0\xebA\
\x0a@\xde\xedz\xac\xb9\xc2\xdc\x7f\xbc\xba~\xcd\xe5/\
\xddy\xe6\xca\xde\x83\xa0/\x14\x80\x00\xc6\xa5\xe7\xd4\xbd\
hu_r\xd9E\x926\xc9\xb9b1\x05\xa0\x98\x83\
\xff\x86\xf5)\x00}\x8eE\x01\xa8\xdcX\xc9+\x00\x92\
\xf4J\x9c\xd2\x01\x95\xba0p\x83t:jZ8\xe6\
Dw\xbf\x5c\xd2V\xd9sQ\x00r\x14\x80Xn7\
\xc4\x1e\x9d\xfb\xec}'\xd5\xec\x1b\xf9\x94\x03\x05 \xa0\
\xe6\xf4\x1f\xb7U\xd4\xf13\xb9\x1d\x93u\x85b\x0a@\
\xde\xf5s\xadK\x01\xe8s,\x0a@\xe5\xc6Jf\x01\
\x90\xa4%\xe6:\xa4e\xca\xf8\xc7r$)\x9b\x91\xa7\
\xdc\xbaY\xb4\xba\xf3\xdb2\xff\xa2\xa4M(\x00}n\
w\x8fE\xd19\xadw\x9f\xfc\x8f,)Q$\x0a@\
\x024~\xff\x0f\xfb\x98\xa2\xef\x99\xf4\xf1n\x0f\x14S\
\x00\x8a9\xf8oX\x9f\x02\xd0\xe7X\x14\x80\xca\x8d\x95\
\xdc\x02 \x97\xaf\x88b?\xbae\xea1\x03\xf2\x1a\xf2\
m'L{wC\x9d\xbe\x22\xd7Y\x92\xde\xd5-$\
\x05\xc0evO\x1c\xdb\xe5\x8b\xef9\xf9\xa1,\xe9\xd0\
O\x14\x80\x04iL\xcf\xdb+\x8a\xec\x5c\xb9\x1f\x22\xc9\
(\x00\xeb\x16R\x00\x0a\xcfE\x01\xc8\xb3\x9f\x22\x0f|\
\xae\x8cK\xdfi\x9b2\xfe\x879\x12\x95\xdd\x98\x09\xd3\
\x86\xaf\x8at\xbaL\xe7J\xfe\x1f\xeb\xa3\xf5\xc8\xd5{\
\xe1\xe0,\x00\x1d&\xdd\xe6\xb2\xcb\xdbf\x9e\xfcD\x96\
T(\x11\x05 \x81\x1a/|\xe4\xc3\x91\xfbw\xe4:\
\x5cY\xbfG\x14\x80\xde\xebS\x00\xd6\x0dV\xdcX\x14\
\x80\xdc\xfb\xdd\xf0y|\xf5\xd0U\xf1\x97\xe7O\x1a\x0a\
a\x1a\x00\x00\x02\xc6IDAT\x9f\xb8&G\xb2\xb2\
\xdbv\xc2\xb4\x8d\x86D\xf1\x047\xfb\x9c\x5c{\xf5\xce\
5\xa8\x0b\xc0\x9brM\xb6\xce\xcc\xcf[\xef?\xed\xf9\
,iP&\x14\x80\x04k\xba\xf8\xa1\xed,\x13\x1d/\
\xb7/J\xda\xfe\x9dG\x0a\xfd\xc5\x9c\x07\x05\xa0\xb0\xb1\
(\x00\x95\x1b\xabj\x0a\x80K\xd2#qG\xdd\xd1\x8b\
n:\xe2\x95\x1c\xe9*f\xd4\x84i;\x99\xf9\xa92\
\x9d&i\x8bAZ\x002\x92\xe6\x98\xf9\xd4U\xd6~\
3W\xf5\x0f\x0c\x0a@\x15\x18\x97\x9eS\xf7\xbc\xea\xf6\
\x95\xecX\x93\x8e\x94|\xb3^+\x15s\xf0\xdf\xb0>\
\x05\xa0\xcf\xb1(\x00\x95\x1b\xab\xba\x0a\x80$-v\xf7\
\x09mS\x8f\x092\x1d=\xf2\x94IC\xa3U\x1b\x1d\
,\xb7\xa3$?D\x1b\xae\x15\x90\xb2\xfe\xcc%\xbf\x00\
\xb8LO\xca\xfdz[c7\xb5\xde\x7f\xf2\xabY\xf6\
\x8c\x0a\xa2\x00T\x991\xe9\xf9\x0dkl\xc9'\xdd\xfd\
@I\x07J\xdae\xc3\x83\xc5\x94\x00\x0a@acQ\
\x00*7V\xf5\x15\x00\xc9\xb5Fn\xdfi\xbd\xfe\xa8\
\x9f\x84|w\xb9\xb1g\x5cY\xbf\xe4\xad\xcd>)\xe9\
HIG\xc8}\xdb\xae!\xbb\xfe\xa7\x9b\xf0\x05\xe0m\
\xb9f\xb9\xe9\x9eN\xab\xbf\xe7\xf9;>\xfdR\x96\xbd\
a\x80P\x00\xaa\xdc\xc8\xf4\x9c\xad\xeb-\xb5\xa7{\xb4\
\xa7\xe4\x1f\x91lW\xb9\x8f\xe8sC\x0a@acQ\
\x00*7Vu\x16\x80\xf5\xee\x8b;\xeb>\x13\xe2\x94\
@6\xa3&L\xdbI\xca\xec%\xd7\xc7\xcd\xb4\x97\xa4\
\xa6\x84\x14\x80\xa5\x92\x9e4\xc5\x7f\x94i\xf6f[\xaf\
\x9e\xf7\xe4U\xbcAORP\x00\x06\xa1\x9d\xd3sF\
v\xc4\xf5\xef\xb3\xc8G\xb9l\xa4)\xde^\xb2-\xcd\
\xf5\x1e7\xbdG\xd20\xc5\xaa\x93<\xf7M\x88\xba\xa2\
\x00Tt,\x0a@\x8f\x85\xd5Q\x00$\xe9\x15\x93\x7f\
f\xa0^*X\x8c\xed\x8e\xbbi\x9b\xba\x8c\xf60\xd9\
.\x1e\xfb.f\xb6\x93\xe4;\xcb5\xb4B\x05\xc0\xe5\
\xfe\x92\xa4V7\xff\x9bb=\xee\xaa{|\xf1\xd8\x85\
\x0b\x95N\xc7%\x7fA\xa8\x08\x0a\x00\x00\xd4\x82t:\
\xda\xf1\xa9\xd1#;,\xd5\xac\xd8\xb72\xf3-L\xfe\
\x1f\xb1\xdb\x96f\xbe\x85\xdc\xb6\x90\xb9\xe9\x9d\xc3u\xbd\
K\xc3MZ.\xd7\xdbr_*\xd3\xdb\xeb\xfe\xaa\x7f\
\xcbL/y\xecm\x99\x94\xb7\xd9\x92\xcc\xa2\xc5sO\
]\x1d\xee\x8b\x03\x00\x00\x00\x00\x00\x00\x00\x00\x00\x00\x00\
\x00\x00\x00\x00\x00\x00\x00\x00\x00\x00\x00\x00\x00\x00\x00\x00\
\x00\x00\x00\x00\x00\x00\x00\x00\x00\x00\x00\x00\x00\x00\x00\x00\
\x00\x00\x00\x00\x00\x00\x00\x00\x00\x00\x00\x00\x00\x00\x00\x00\
\x00\x00\x00\x00\x00\x00\x00\x00\x00\x00\x00\x00\x00\x00\x00\x00\
\x00\x00\x00\x00\x00\x00\x00\x00\x00\x00\x00\x00\x00\x00\x00\x00\
\x00\x00\x00\x00\x00\x00\x00\x00\x00\x00\x00\x00\x00\x00\x00\x00\
\x00\x00\x00\x00\x00\x00\x00\x00\xa0\xe6\xfc?\xd6\x14_@\
\x9e\xaeb\xc5\x00\x00\x00\x00IEND\xaeB`\x82\
\
"

qt_resource_name = b"\
\x00\x03\
\x00\x00hp\
\x00a\
\x00p\x00p\
\x00\x06\
\x06\x8a\x9c\xb3\
\x00a\
\x00s\x00s\x00e\x00t\x00s\
\x00\x0d\
\x0c[\xd3\x87\
\x00c\
\x00o\x00r\x00e\x00l\x00d\x00r\x00a\x00w\x00.\x00p\x00n\x00g\
\x00\x0a\
\x0f\xc0\x80\x07\
\x00p\
\x00e\x00d\x00i\x00d\x00o\x00.\x00p\x00n\x00g\
\x00\x10\
\x0d:o\xe7\
\x00n\
\x00u\x00e\x00v\x00a\x00-\x00c\x00u\x00e\x00n\x00t\x00a\x00.\x00p\x00n\x00g\
"

qt_resource_struct = b"\
\x00\x00\x00\x00\x00\x02\x00\x00\x00\x01\x00\x00\x00\x01\
\x00\x00\x00\x00\x00\x00\x00\x00\
\x00\x00\x00\x00\x00\x02\x00\x00\x00\x01\x00\x00\x00\x02\
\x00\x00\x00\x00\x00\x00\x00\x00\
\x00\x00\x00\x0c\x00\x02\x00\x00\x00\x03\x00\x00\x00\x03\
\x00\x00\x00\x00\x00\x00\x00\x00\
\x00\x00\x00\x1e\x00\x00\x00\x00\x00\x01\x00\x00\x00\x00\
\x00\x00\x01\x9dy*{!\
\x00\x00\x00X\x00\x00\x00\x00\x00\x01\x00\x00\xafg\
\x00\x00\x01\x9d\xb53+\x0b\
\x00\x00\x00>\x00\x00\x00\x00\x00\x01\x00\x00;V\
\x00\x00\x01\x9d\xb53+\x0c\
"

def qInitResources():
    QtCore.qRegisterResourceData(0x03, qt_resource_struct, qt_resource_name, qt_resource_data)

def qCleanupResources():
    QtCore.qUnregisterResourceData(0x03, qt_resource_struct, qt_resource_name, qt_resource_data)

qInitResources()
